YEAR,QUARTER,CATEGORY_TYPE,CATEGORY_NAME,AMOUNT_AT_CURRENT,PERCENT_SHARE_AT_CURRENT,AMOUNT_AT_CONSTANT,GROWTH_RATE_AT_CONSTANT,DATE_SUBMITTED,TIME_SUBMITTED
2009,Q1,Agriculture,Agriculture,"187,472.98",26.8,"202,706.40",,27/01/2020,3:03 PM
2009,Q1,Industry,Mining & Quarrying,"3,062.48",0.4,"4,194.77",,27/01/2020,3:03 PM
2009,Q1,Industry,Manufacturing,"75,218.90",10.7,"85,952.02",,27/01/2020,3:03 PM
2009,Q1,Industry,Electricity & water supply,"13,357.44",1.9,"15,488.98",,27/01/2020,3:03 PM
2009,Q1,Industry,Construction,"24,609.02",3.5,"24,861.70",,27/01/2020,3:03 PM
2009,Q1,sevices,"Wholesale & Retail Trade

","45,579.60",6.5,"45,857.86",,27/01/2020,3:03 PM
2009,Q1,sevices,Accommodation & restaurant,"17,079.32",2.4,"17,240.95",,27/01/2020,3:03 PM
2009,Q1,sevices,Transport & Storage,"43,974.07",6.3,"47,475.56",,27/01/2020,3:03 PM
2009,Q1,sevices,Information & Communication,"18,019.55",2.6,"17,583.98",,27/01/2020,3:03 PM
2009,Q1,sevices,Financial & Insurance,"35,019.04",5,"36,513.75",,27/01/2020,3:03 PM
2009,Q1,sevices,Public administration,"32,961.82",4.7,"32,471.87",,27/01/2020,3:03 PM
2009,Q1,sevices,"Professional, Administration & Support Services","18,230.73",2.6,"18,522.36",,27/01/2020,3:03 PM
2009,Q1,sevices,Real estate,"60,022.80",8.6,"60,528.46",,27/01/2020,3:03 PM
2009,Q1,sevices,Education,"45,956.87",6.6,"44,244.83",,27/01/2020,3:03 PM
2009,Q1,sevices,Health,"14,047.07",2,"14,295.97",,27/01/2020,3:03 PM
2009,Q1,sevices,Other services,"10,580.82",1.5,"10,611.03",,27/01/2020,3:03 PM
2009,Q1,sevices,FISIM,"-13,631.55",-1.9,"-14,410.93",,27/01/2020,3:03 PM
2009,Q1,,All industries at basic prices,"631,560.96",90.2,"664,139.57",,27/01/2020,3:03 PM
2009,Q1,,Taxes on products,"68,830.50",9.8,"73,766.77",,27/01/2020,3:03 PM
2009,Q1,,GDP at market prices,"700,391.46",100,"737,906.34",,27/01/2020,3:03 PM
2009,Q1,,GDP (seasonally adjusted),"735,129.51",,"702,855.38",,27/01/2020,3:03 PM
2009,Q2,Agriculture,Agriculture,"181,107.85",25.3,"180,957.76",,27/01/2020,3:03 PM
2009,Q2,Industry,Mining & Quarrying,"4,759.13",0.7,"4,257.25",,27/01/2020,3:03 PM
2009,Q2,Industry,Manufacturing,"84,170.32",11.8,"84,115.29",,27/01/2020,3:03 PM
2009,Q2,Industry,Electricity & water supply,"14,726.01",2.1,"16,280.58",,27/01/2020,3:03 PM
2009,Q2,Industry,Construction,"27,938.82",3.9,"28,116.68",,27/01/2020,3:03 PM
2009,Q2,sevices,"Wholesale & Retail Trade

","48,046.21",6.7,"47,712.48",,27/01/2020,3:03 PM
2009,Q2,sevices,Accommodation & restaurant,"10,954.09",1.5,"10,881.55",,27/01/2020,3:03 PM
2009,Q2,sevices,Transport & Storage,"51,491.54",7.2,"50,936.54",,27/01/2020,3:03 PM
2009,Q2,sevices,Information & Communication,"17,105.88",2.4,"16,403.08",,27/01/2020,3:03 PM
2009,Q2,sevices,Financial & Insurance,"36,706.32",5.1,"36,800.25",,27/01/2020,3:03 PM
2009,Q2,sevices,Public administration,"29,614.67",4.1,"32,355.28",,27/01/2020,3:03 PM
2009,Q2,sevices,"Professional, Administration & Support Services","18,108.22",2.5,"18,128.19",,27/01/2020,3:03 PM
2009,Q2,sevices,Real estate,"61,805.90",8.6,"61,259.49",,27/01/2020,3:03 PM
2009,Q2,sevices,Education,"45,326.90",6.3,"43,899.03",,27/01/2020,3:03 PM
2009,Q2,sevices,Health,"13,694.61",1.9,"13,799.18",,27/01/2020,3:03 PM
2009,Q2,sevices,Other services,"10,534.05",1.5,"10,450.35",,27/01/2020,3:03 PM
2009,Q2,sevices,FISIM,"-14,636.41",-2,"-14,721.81",,27/01/2020,3:03 PM
2009,Q2,,All industries at basic prices,"641,454.12",89.7,"641,631.17",,27/01/2020,3:03 PM
2009,Q2,,Taxes on products,"73,727.65",10.3,"71,732.82",,27/01/2020,3:03 PM
2009,Q2,,GDP at market prices,"715,181.77",100,"713,363.99",,27/01/2020,3:03 PM
2009,Q2,,GDP (seasonally adjusted),"768,495.64",,"711,722.77",,27/01/2020,3:03 PM
2009,Q3,Agriculture,Agriculture,"146,789.84",20.6,"143,110.60",,27/01/2020,3:03 PM
2009,Q3,Industry,Mining & Quarrying,"4,999.72",0.7,"4,787.26",,27/01/2020,3:03 PM
2009,Q3,Industry,Manufacturing,"88,896.19",12.5,"85,320.89",,27/01/2020,3:03 PM
2009,Q3,Industry,Electricity & water supply,"17,496.03",2.5,"15,843.19",,27/01/2020,3:03 PM
2009,Q3,Industry,Construction,"28,940.94",4.1,"28,901.51",,27/01/2020,3:03 PM
2009,Q3,sevices,"Wholesale & Retail Trade

","53,093.69",7.4,"53,652.81",,27/01/2020,3:03 PM
2009,Q3,sevices,Accommodation & restaurant,"13,062.35",1.8,"12,959.56",,27/01/2020,3:03 PM
2009,Q3,sevices,Transport & Storage,"52,344.91",7.3,"50,862.32",,27/01/2020,3:03 PM
2009,Q3,sevices,Information & Communication,"21,839.54",3.1,"21,868.92",,27/01/2020,3:03 PM
2009,Q3,sevices,Financial & Insurance,"38,697.14",5.4,"37,999.96",,27/01/2020,3:03 PM
2009,Q3,sevices,Public administration,"33,843.64",4.7,"31,866.23",,27/01/2020,3:03 PM
2009,Q3,sevices,"Professional, Administration & Support Services","20,109.98",2.8,"20,015.90",,27/01/2020,3:03 PM
2009,Q3,sevices,Real estate,"61,967.81",8.7,"62,002.06",,27/01/2020,3:03 PM
2009,Q3,sevices,Education,"44,323.78",6.2,"44,880.46",,27/01/2020,3:03 PM
2009,Q3,sevices,Health,"14,427.84",2,"14,354.30",,27/01/2020,3:03 PM
2009,Q3,sevices,Other services,"10,697.22",1.5,"10,754.03",,27/01/2020,3:03 PM
2009,Q3,sevices,FISIM,"-15,334.99",-2.1,"-14,886.42",,27/01/2020,3:03 PM
2009,Q3,,All industries at basic prices,"636,195.64",89.1,"624,293.60",,27/01/2020,3:03 PM
2009,Q3,,Taxes on products,"77,628.75",10.9,"80,966.59",,27/01/2020,3:03 PM
2009,Q3,,GDP at market prices,"713,824.39",100,"705,260.19",,27/01/2020,3:03 PM
2009,Q3,,GDP (seasonally adjusted),"795,089.70",,"722,387.63",,27/01/2020,3:03 PM
2009,Q4,Agriculture,Agriculture,"153,599.00",20.9,"142,194.90",,27/01/2020,3:03 PM
2009,Q4,Industry,Mining & Quarrying,"5,313.07",0.7,"4,895.12",,27/01/2020,3:03 PM
2009,Q4,Industry,Manufacturing,"94,246.83",12.8,"87,144.04",,27/01/2020,3:03 PM
2009,Q4,Industry,Electricity & water supply,"18,452.38",2.5,"16,419.11",,27/01/2020,3:03 PM
2009,Q4,Industry,Construction,"30,732.14",4.2,"30,341.02",,27/01/2020,3:03 PM
2009,Q4,sevices,"Wholesale & Retail Trade

","53,312.42",7.3,"52,808.77",,27/01/2020,3:03 PM
2009,Q4,sevices,Accommodation & restaurant,"10,413.97",1.4,"10,427.68",,27/01/2020,3:03 PM
2009,Q4,sevices,Transport & Storage,"57,963.25",7.9,"56,499.35",,27/01/2020,3:03 PM
2009,Q4,sevices,Information & Communication,"16,726.10",2.3,"17,835.09",,27/01/2020,3:03 PM
2009,Q4,sevices,Financial & Insurance,"39,988.25",5.4,"39,096.78",,27/01/2020,3:03 PM
2009,Q4,sevices,Public administration,"31,386.68",4.3,"31,113.15",,27/01/2020,3:03 PM
2009,Q4,sevices,"Professional, Administration & Support Services","20,786.95",2.8,"20,569.42",,27/01/2020,3:03 PM
2009,Q4,sevices,Real estate,"62,749.51",8.5,"62,756.01",,27/01/2020,3:03 PM
2009,Q4,sevices,Education,"42,385.03",5.8,"44,968.24",,27/01/2020,3:03 PM
2009,Q4,sevices,Health,"16,516.51",2.2,"16,236.58",,27/01/2020,3:03 PM
2009,Q4,sevices,Other services,"10,780.63",1.5,"10,777.30",,27/01/2020,3:03 PM
2009,Q4,sevices,FISIM,"-15,770.08",-2.1,"-15,353.86",,27/01/2020,3:03 PM
2009,Q4,,All industries at basic prices,"649,582.64",88.5,"628,728.72",,27/01/2020,3:03 PM
2009,Q4,,Taxes on products,"84,709.44",11.5,"78,430.15",,27/01/2020,3:03 PM
2009,Q4,,GDP at market prices,"734,292.08",100,"707,158.87",,27/01/2020,3:03 PM
2009,Q4,,GDP (seasonally adjusted),"810,527.79",,"726,698.58",,27/01/2020,3:03 PM
2010,Q1,Agriculture,Agriculture,"234,215.00",29.1,"221,843.00",9.4,27/01/2020,3:03 PM
2010,Q1,Industry,Mining & Quarrying,"5,197.00",0.6,"5,413.00",29,27/01/2020,3:03 PM
2010,Q1,Industry,Manufacturing,"91,713.00",11.4,"88,131.00",2.5,27/01/2020,3:03 PM
2010,Q1,Industry,Electricity & water supply,"20,424.00",2.5,"16,807.00",8.5,27/01/2020,3:03 PM
2010,Q1,Industry,Construction,"29,485.00",3.7,"28,671.00",15.3,27/01/2020,3:03 PM
2010,Q1,sevices,"Wholesale & Retail Trade

","50,607.00",6.3,"48,967.32",6.8,27/01/2020,3:03 PM
2010,Q1,sevices,Accommodation & restaurant,"16,405.00",2,"17,515.00",1.6,27/01/2020,3:03 PM
2010,Q1,sevices,Transport & Storage,"51,058.00",6.4,"49,708.00",4.7,27/01/2020,3:03 PM
2010,Q1,sevices,Information & Communication,"16,156.00",2,"19,362.00",10.1,27/01/2020,3:03 PM
2010,Q1,sevices,Financial & Insurance,"40,513.00",5,"41,354.00",13.3,27/01/2020,3:03 PM
2010,Q1,sevices,Public administration,"33,146.00",4.1,"32,450.00",-0.1,27/01/2020,3:03 PM
2010,Q1,sevices,"Professional, Administration & Support Services","19,872.00",2.5,"19,560.00",5.6,27/01/2020,3:03 PM
2010,Q1,sevices,Real estate,"63,198.00",7.9,"63,532.00",5,27/01/2020,3:03 PM
2010,Q1,sevices,Education,"43,572.00",5.4,"48,671.00",10,27/01/2020,3:03 PM
2010,Q1,sevices,Health,"15,404.00",1.9,"14,930.00",4.4,27/01/2020,3:03 PM
2010,Q1,sevices,Other services,"10,814.00",1.3,"10,889.96",2.6,27/01/2020,3:03 PM
2010,Q1,sevices,FISIM,"-16,525.00",-2.1,"-16,356.00",13.5,27/01/2020,3:03 PM
2010,Q1,,All industries at basic prices,"725,252.00",90.2,"711,447.00",7.1,27/01/2020,3:03 PM
2010,Q1,,Taxes on products,"78,807.00",9.8,"75,034.00",1.7,27/01/2020,3:03 PM
2010,Q1,,GDP at market prices,"804,059.00",100,"786,481.00",6.6,27/01/2020,3:03 PM
2010,Q1,,GDP (seasonally adjusted),"813,122.00",,"739,896.00",,27/01/2020,3:03 PM
2010,Q2,Agriculture,Agriculture,"213,293.00",27.3,"200,420.00",10.8,27/01/2020,3:03 PM
2010,Q2,Industry,Mining & Quarrying,"6,380.00",0.8,"5,849.00",37.4,27/01/2020,3:03 PM
2010,Q2,Industry,Manufacturing,"83,792.00",10.7,"82,195.00",-2.3,27/01/2020,3:03 PM
2010,Q2,Industry,Electricity & water supply,"16,447.00",2.1,"16,787.00",3.1,27/01/2020,3:03 PM
2010,Q2,Industry,Construction,"35,570.00",4.6,"33,898.00",20.6,27/01/2020,3:03 PM
2010,Q2,sevices,"Wholesale & Retail Trade

","55,612.00",7.1,"51,446.00",7.8,27/01/2020,3:03 PM
2010,Q2,sevices,Accommodation & restaurant,"9,817.00",1.3,"10,780.00",-0.9,27/01/2020,3:03 PM
2010,Q2,sevices,Transport & Storage,"51,952.00",6.7,"51,575.00",1.3,27/01/2020,3:03 PM
2010,Q2,sevices,Information & Communication,"15,599.00",2,"20,694.00",26.2,27/01/2020,3:03 PM
2010,Q2,sevices,Financial & Insurance,"45,125.00",5.8,"43,701.00",18.8,27/01/2020,3:03 PM
2010,Q2,sevices,Public administration,"32,742.00",4.2,"32,093.00",-0.8,27/01/2020,3:03 PM
2010,Q2,sevices,"Professional, Administration & Support Services","19,116.00",2.4,"18,768.00",3.5,27/01/2020,3:03 PM
2010,Q2,sevices,Real estate,"64,659.00",8.3,"64,321.00",5,27/01/2020,3:03 PM
2010,Q2,sevices,Education,"43,021.00",5.5,"48,880.00",11.3,27/01/2020,3:03 PM
2010,Q2,sevices,Health,"15,705.00",2,"14,953.00",8.4,27/01/2020,3:03 PM
2010,Q2,sevices,Other services,"11,096.00",1.4,"10,822.00",3.6,27/01/2020,3:03 PM
2010,Q2,sevices,FISIM,"-18,621.00",-2.4,"-17,235.00",17.1,27/01/2020,3:03 PM
2010,Q2,,All industries at basic prices,"701,303.00",89.8,"689,947.00",7.5,27/01/2020,3:03 PM
2010,Q2,,Taxes on products,"79,559.00",10.2,"77,471.00",8,27/01/2020,3:03 PM
2010,Q2,,GDP at market prices,"780,862.00",100,"767,418.00",7.6,27/01/2020,3:03 PM
2010,Q2,,GDP (seasonally adjusted),"837,670.00",,"761,606.00",,27/01/2020,3:03 PM
2010,Q3,Agriculture,Agriculture,"170,449.00",22,"154,103.00",7.7,27/01/2020,3:03 PM
2010,Q3,Industry,Mining & Quarrying,"7,211.00",0.9,"6,415.00",34,27/01/2020,3:03 PM
2010,Q3,Industry,Manufacturing,"86,782.00",11.2,"90,687.00",6.3,27/01/2020,3:03 PM
2010,Q3,Industry,Electricity & water supply,"13,057.00",1.7,"17,016.00",7.4,27/01/2020,3:03 PM
2010,Q3,Industry,Construction,"37,719.00",4.9,"35,064.00",21.3,27/01/2020,3:03 PM
2010,Q3,sevices,"Wholesale & Retail Trade

","66,400.00",8.6,"58,567.00",9.2,27/01/2020,3:03 PM
2010,Q3,sevices,Accommodation & restaurant,"11,594.00",1.5,"11,898.00",-8.2,27/01/2020,3:03 PM
2010,Q3,sevices,Transport & Storage,"54,700.00",7.1,"54,887.00",7.9,27/01/2020,3:03 PM
2010,Q3,sevices,Information & Communication,"19,170.00",2.5,"24,333.00",11.3,27/01/2020,3:03 PM
2010,Q3,sevices,Financial & Insurance,"48,116.00",6.2,"45,583.00",20,27/01/2020,3:03 PM
2010,Q3,sevices,Public administration,"33,569.00",4.3,"32,229.00",1.1,27/01/2020,3:03 PM
2010,Q3,sevices,"Professional, Administration & Support Services","20,901.00",2.7,"20,473.00",2.3,27/01/2020,3:03 PM
2010,Q3,sevices,Real estate,"66,691.00",8.6,"65,133.00",5,27/01/2020,3:03 PM
2010,Q3,sevices,Education,"43,680.00",5.6,"49,311.00",9.9,27/01/2020,3:03 PM
2010,Q3,sevices,Health,"16,101.00",2.1,"15,156.00",5.6,27/01/2020,3:03 PM
2010,Q3,sevices,Other services,"11,890.00",1.5,"11,236.00",4.5,27/01/2020,3:03 PM
2010,Q3,sevices,FISIM,"-20,209.00",-2.6,"-18,115.00",21.7,27/01/2020,3:03 PM
2010,Q3,,All industries at basic prices,"687,822.00",88.7,"673,976.00",8,27/01/2020,3:03 PM
2010,Q3,,Taxes on products,"87,386.00",11.3,"87,183.00",7.7,27/01/2020,3:03 PM
2010,Q3,,GDP at market prices,"775,208.00",100,"761,159.00",7.9,27/01/2020,3:03 PM
2010,Q3,,GDP (seasonally adjusted),"875,046.00",,"790,837.00",,27/01/2020,3:03 PM
2010,Q4,Agriculture,Agriculture,"168,952.00",20.9,"159,905.00",12.5,27/01/2020,3:03 PM
2010,Q4,Industry,Mining & Quarrying,"7,242.00",0.9,"6,207.00",26.8,27/01/2020,3:03 PM
2010,Q4,Industry,Manufacturing,"94,432.00",11.7,"96,944.00",11.2,27/01/2020,3:03 PM
2010,Q4,Industry,Electricity & water supply,"12,556.00",1.6,"17,428.00",6.1,27/01/2020,3:03 PM
2010,Q4,Industry,Construction,"39,895.00",4.9,"36,017.00",18.7,27/01/2020,3:03 PM
2010,Q4,sevices,"Wholesale & Retail Trade

","70,388.00",8.7,"60,234.00",14.1,27/01/2020,3:03 PM
2010,Q4,sevices,Accommodation & restaurant,"12,092.00",1.5,"11,046.00",5.9,27/01/2020,3:03 PM
2010,Q4,sevices,Transport & Storage,"59,297.00",7.3,"59,807.00",5.9,27/01/2020,3:03 PM
2010,Q4,sevices,Information & Communication,"17,459.00",2.2,"22,103.00",23.9,27/01/2020,3:03 PM
2010,Q4,sevices,Financial & Insurance,"43,583.00",5.4,"46,322.00",18.5,27/01/2020,3:03 PM
2010,Q4,sevices,Public administration,"39,286.00",4.9,"32,772.00",5.3,27/01/2020,3:03 PM
2010,Q4,sevices,"Professional, Administration & Support Services","21,270.00",2.6,"20,712.00",0.7,27/01/2020,3:03 PM
2010,Q4,sevices,Real estate,"68,106.00",8.4,"65,967.00",5.1,27/01/2020,3:03 PM
2010,Q4,sevices,Education,"44,207.00",5.5,"49,308.00",9.7,27/01/2020,3:03 PM
2010,Q4,sevices,Health,"18,831.00",2.3,"17,306.00",6.6,27/01/2020,3:03 PM
2010,Q4,sevices,Other services,"11,997.00",1.5,"11,166.00",3.6,27/01/2020,3:03 PM
2010,Q4,sevices,FISIM,"-16,537.00",-2,"-17,121.00",11.5,27/01/2020,3:03 PM
2010,Q4,,All industries at basic prices,"713,058.00",88.1,"696,123.00",10.7,27/01/2020,3:03 PM
2010,Q4,,Taxes on products,"96,113.00",11.9,"93,122.00",18.7,27/01/2020,3:03 PM
2010,Q4,,GDP at market prices,"809,171.00",100,"789,245.00",11.6,27/01/2020,3:03 PM
2010,Q4,,GDP (seasonally adjusted),"938,145.00",,"809,998.00",,27/01/2020,3:03 PM
2011,Q1,Agriculture,Agriculture,"278,102.14",30.2,"227,291.96",2.5,27/01/2020,3:03 PM
2011,Q1,Industry,Mining & Quarrying,"7,912.33",0.9,"6,971.16",28.8,27/01/2020,3:03 PM
2011,Q1,Industry,Manufacturing,"100,442.72",10.9,"94,173.06",6.9,27/01/2020,3:03 PM
2011,Q1,Industry,Electricity & water supply,"13,722.64",1.5,"17,913.70",6.6,27/01/2020,3:03 PM
2011,Q1,Industry,Construction,"34,829.81",3.8,"30,396.00",6,27/01/2020,3:03 PM
2011,Q1,sevices,"Wholesale & Retail Trade

","69,071.02",7.5,"56,618.82",15.6,27/01/2020,3:03 PM
2011,Q1,sevices,Accommodation & restaurant,"17,304.11",1.9,"18,687.62",6.7,27/01/2020,3:03 PM
2011,Q1,sevices,Transport & Storage,"56,940.27",6.2,"54,714.84",10.1,27/01/2020,3:03 PM
2011,Q1,sevices,Information & Communication,"13,824.55",1.5,"22,593.01",16.7,27/01/2020,3:03 PM
2011,Q1,sevices,Financial & Insurance,"47,419.79",5.2,"46,517.41",12.5,27/01/2020,3:03 PM
2011,Q1,sevices,Public administration,"37,972.00",4.1,"32,717.27",0.8,27/01/2020,3:03 PM
2011,Q1,sevices,"Professional, Administration & Support Services","20,806.27",2.3,"20,326.00",3.9,27/01/2020,3:03 PM
2011,Q1,sevices,Real estate,"71,208.84",7.7,"66,856.57",5.2,27/01/2020,3:03 PM
2011,Q1,sevices,Education,"49,641.98",5.4,"52,195.72",7.2,27/01/2020,3:03 PM
2011,Q1,sevices,Health,"16,985.26",1.8,"15,345.42",2.8,27/01/2020,3:03 PM
2011,Q1,sevices,Other services,"12,138.19",1.3,"11,112.85",2,27/01/2020,3:03 PM
2011,Q1,sevices,FISIM,"-19,601.58",-2.1,"-18,338.72",12.1,27/01/2020,3:03 PM
2011,Q1,,All industries at basic prices,"828,720.32",90.1,"756,092.67",6.3,27/01/2020,3:03 PM
2011,Q1,,Taxes on products,"91,189.30",9.9,"89,591.16",19.4,27/01/2020,3:03 PM
2011,Q1,,GDP at market prices,"919,909.62",100,"845,683.83",7.5,27/01/2020,3:03 PM
2011,Q1,,GDP (seasonally adjusted),"873,106.73",,"840,308.20",,27/01/2020,3:03 PM
2011,Q2,Agriculture,Agriculture,"273,637.09",29.6,"206,455.99",3,27/01/2020,3:03 PM
2011,Q2,Industry,Mining & Quarrying,"8,170.98",0.9,"7,063.30",20.8,27/01/2020,3:03 PM
2011,Q2,Industry,Manufacturing,"102,647.13",11.1,"92,965.70",13.1,27/01/2020,3:03 PM
2011,Q2,Industry,Electricity & water supply,"16,476.33",1.8,"18,804.89",12,27/01/2020,3:03 PM
2011,Q2,Industry,Construction,"40,572.19",4.4,"34,530.64",1.9,27/01/2020,3:03 PM
2011,Q2,sevices,"Wholesale & Retail Trade

","70,232.25",7.6,"55,698.96",8.3,27/01/2020,3:03 PM
2011,Q2,sevices,Accommodation & restaurant,"10,241.37",1.1,"11,055.97",2.6,27/01/2020,3:03 PM
2011,Q2,sevices,Transport & Storage,"58,377.86",6.3,"53,487.27",3.7,27/01/2020,3:03 PM
2011,Q2,sevices,Information & Communication,"14,624.38",1.6,"24,792.14",19.8,27/01/2020,3:03 PM
2011,Q2,sevices,Financial & Insurance,"46,978.35",5.1,"45,542.37",4.2,27/01/2020,3:03 PM
2011,Q2,sevices,Public administration,"38,160.04",4.1,"33,296.70",3.8,27/01/2020,3:03 PM
2011,Q2,sevices,"Professional, Administration & Support Services","20,251.23",2.2,"18,561.22",-1.1,27/01/2020,3:03 PM
2011,Q2,sevices,Real estate,"74,202.12",8,"67,670.12",5.2,27/01/2020,3:03 PM
2011,Q2,sevices,Education,"49,237.15",5.3,"52,253.23",6.9,27/01/2020,3:03 PM
2011,Q2,sevices,Health,"16,947.43",1.8,"15,309.32",2.4,27/01/2020,3:03 PM
2011,Q2,sevices,Other services,"12,021.48",1.3,"10,958.60",1.3,27/01/2020,3:03 PM
2011,Q2,sevices,FISIM,"-19,551.18",-2.1,"-18,117.58",5.1,27/01/2020,3:03 PM
2011,Q2,,All industries at basic prices,"833,226.23",90.2,"730,328.84",5.9,27/01/2020,3:03 PM
2011,Q2,,Taxes on products,"90,530.37",9.8,"87,995.99",13.6,27/01/2020,3:03 PM
2011,Q2,,GDP at market prices,"923,756.61",100,"818,324.83",6.6,27/01/2020,3:03 PM
2011,Q2,,GDP (seasonally adjusted),"911,787.57",,"850,184.84",,27/01/2020,3:03 PM
2011,Q3,Agriculture,Agriculture,"208,751.18",22.7,"160,827.40",4.4,27/01/2020,3:03 PM
2011,Q3,Industry,Mining & Quarrying,"8,617.38",0.9,"7,362.61",14.8,27/01/2020,3:03 PM
2011,Q3,Industry,Manufacturing,"114,409.39",12.5,"95,896.66",5.7,27/01/2020,3:03 PM
2011,Q3,Industry,Electricity & water supply,"17,594.13",1.9,"18,303.68",7.6,27/01/2020,3:03 PM
2011,Q3,Industry,Construction,"42,047.01",4.6,"35,138.62",0.2,27/01/2020,3:03 PM
2011,Q3,sevices,"Wholesale & Retail Trade

","79,855.23",8.7,"61,862.53",5.6,27/01/2020,3:03 PM
2011,Q3,sevices,Accommodation & restaurant,"11,911.69",1.3,"12,367.91",3.9,27/01/2020,3:03 PM
2011,Q3,sevices,Transport & Storage,"71,432.53",7.8,"60,933.05",11,27/01/2020,3:03 PM
2011,Q3,sevices,Information & Communication,"15,797.08",1.7,"27,189.24",11.7,27/01/2020,3:03 PM
2011,Q3,sevices,Financial & Insurance,"57,892.15",6.3,"46,627.32",2.3,27/01/2020,3:03 PM
2011,Q3,sevices,Public administration,"39,171.64",4.3,"33,448.15",3.8,27/01/2020,3:03 PM
2011,Q3,sevices,"Professional, Administration & Support Services","22,645.93",2.5,"20,836.54",1.8,27/01/2020,3:03 PM
2011,Q3,sevices,Real estate,"76,151.15",8.3,"68,421.48",5,27/01/2020,3:03 PM
2011,Q3,sevices,Education,"50,697.20",5.5,"53,382.47",8.3,27/01/2020,3:03 PM
2011,Q3,sevices,Health,"17,034.89",1.9,"15,249.68",0.6,27/01/2020,3:03 PM
2011,Q3,sevices,Other services,"12,699.18",1.4,"11,381.40",1.3,27/01/2020,3:03 PM
2011,Q3,sevices,FISIM,"-24,616.04",-2.7,"-19,212.04",6.1,27/01/2020,3:03 PM
2011,Q3,,All industries at basic prices,"822,091.72",89.5,"710,016.72",5.3,27/01/2020,3:03 PM
2011,Q3,,Taxes on products,"96,095.37",10.5,"97,465.20",11.8,27/01/2020,3:03 PM
2011,Q3,,GDP at market prices,"918,187.10",100,"807,481.92",6.1,27/01/2020,3:03 PM
2011,Q3,,GDP (seasonally adjusted),"948,801.01",,"869,175.74",,27/01/2020,3:03 PM
2011,Q4,Agriculture,Agriculture,"219,597.42",22.8,"160,772.11",0.5,27/01/2020,3:03 PM
2011,Q4,Industry,Mining & Quarrying,"7,812.47",0.8,"7,032.11",13.3,27/01/2020,3:03 PM
2011,Q4,Industry,Manufacturing,"120,314.89",12.5,"100,854.16",4,27/01/2020,3:03 PM
2011,Q4,Industry,Electricity & water supply,"21,705.69",2.3,"19,416.17",11.4,27/01/2020,3:03 PM
2011,Q4,Industry,Construction,"47,182.13",4.9,"38,962.54",8.2,27/01/2020,3:03 PM
2011,Q4,sevices,"Wholesale & Retail Trade

","81,610.08",8.5,"63,115.84",4.8,27/01/2020,3:03 PM
2011,Q4,sevices,Accommodation & restaurant,"10,838.57",1.1,"11,221.61",1.6,27/01/2020,3:03 PM
2011,Q4,sevices,Transport & Storage,"79,244.64",8.2,"62,683.33",4.8,27/01/2020,3:03 PM
2011,Q4,sevices,Information & Communication,"17,135.34",1.8,"31,031.91",40.4,27/01/2020,3:03 PM
2011,Q4,sevices,Financial & Insurance,"60,384.91",6.3,"46,456.36",0.3,27/01/2020,3:03 PM
2011,Q4,sevices,Public administration,"43,323.17",4.5,"33,149.86",1.2,27/01/2020,3:03 PM
2011,Q4,sevices,"Professional, Administration & Support Services","23,746.87",2.5,"21,332.86",3,27/01/2020,3:03 PM
2011,Q4,sevices,Real estate,"78,844.11",8.2,"69,106.68",4.8,27/01/2020,3:03 PM
2011,Q4,sevices,Education,"49,548.30",5.1,"52,976.69",7.4,27/01/2020,3:03 PM
2011,Q4,sevices,Health,"16,862.66",1.7,"14,817.88",-14.4,27/01/2020,3:03 PM
2011,Q4,sevices,Other services,"12,725.17",1.3,"11,333.24",1.5,27/01/2020,3:03 PM
2011,Q4,sevices,FISIM,"-26,918.46",-2.8,"-19,407.81",13.4,27/01/2020,3:03 PM
2011,Q4,,All industries at basic prices,"863,957.95",89.6,"724,855.54",4.1,27/01/2020,3:03 PM
2011,Q4,,Taxes on products,"100,107.08",10.4,"98,892.63",6.2,27/01/2020,3:03 PM
2011,Q4,,GDP at market prices,"964,065.03",100,"823,748.17",4.4,27/01/2020,3:03 PM
2011,Q4,,GDP (seasonally adjusted),"1,005,579.63",,"893,292.75",,27/01/2020,3:03 PM
2012,Q1,Agriculture,Agriculture,"342,332.00",31.5,"235,183.00",3.5,27/01/2020,3:03 PM
2012,Q1,Industry,Mining & Quarrying,"10,406.00",1,"7,906.00",13.4,27/01/2020,3:03 PM
2012,Q1,Industry,Manufacturing,"111,328.00",10.3,"93,598.00",-0.6,27/01/2020,3:03 PM
2012,Q1,Industry,Electricity & water supply,"19,247.00",1.8,"19,984.00",11.6,27/01/2020,3:03 PM
2012,Q1,Industry,Construction,"44,898.00",4.1,"36,390.00",19.7,27/01/2020,3:03 PM
2012,Q1,sevices,"Wholesale & Retail Trade

","73,259.00",6.7,"54,849.00",-3.1,27/01/2020,3:03 PM
2012,Q1,sevices,Accommodation & restaurant,"20,055.00",1.8,"20,305.00",8.7,27/01/2020,3:03 PM
2012,Q1,sevices,Transport & Storage,"79,485.00",7.3,"58,702.00",7.3,27/01/2020,3:03 PM
2012,Q1,sevices,Information & Communication,"15,547.00",1.4,"25,658.00",13.6,27/01/2020,3:03 PM
2012,Q1,sevices,Financial & Insurance,"60,313.00",5.6,"46,661.00",0.3,27/01/2020,3:03 PM
2012,Q1,sevices,Public administration,"42,193.00",3.9,"34,918.00",6.7,27/01/2020,3:03 PM
2012,Q1,sevices,"Professional, Administration & Support Services","21,627.00",2,"18,849.00",-7.3,27/01/2020,3:03 PM
2012,Q1,sevices,Real estate,"83,275.00",7.7,"69,816.00",4.4,27/01/2020,3:03 PM
2012,Q1,sevices,Education,"59,144.00",5.4,"57,719.00",10.6,27/01/2020,3:03 PM
2012,Q1,sevices,Health,"17,983.00",1.7,"15,133.00",-1.4,27/01/2020,3:03 PM
2012,Q1,sevices,Other services,"13,461.00",1.2,"11,288.00",1.6,27/01/2020,3:03 PM
2012,Q1,sevices,FISIM,"-26,959.00",-2.5,"-19,347.00",5.5,27/01/2020,3:03 PM
2012,Q1,,All industries at basic prices,"987,596.00",91,"787,612.00",4.2,27/01/2020,3:03 PM
2012,Q1,,Taxes on products,"97,805.00",9,"93,190.00",4,27/01/2020,3:03 PM
2012,Q1,,GDP at market prices,"1,085,401.00",100,"880,802.00",4.2,27/01/2020,3:03 PM
2012,Q1,,GDP (seasonally adjusted),"1,032,909.00",,"844,810.00",0.5,27/01/2020,3:03 PM
2012,Q2,Agriculture,Agriculture,"307,306.00",28.8,"211,273.00",2.3,27/01/2020,3:03 PM
2012,Q2,Industry,Mining & Quarrying,"11,176.00",1,"8,454.00",19.7,27/01/2020,3:03 PM
2012,Q2,Industry,Manufacturing,"112,522.00",10.6,"91,472.00",-1.6,27/01/2020,3:03 PM
2012,Q2,Industry,Electricity & water supply,"21,429.00",2,"20,031.00",6.5,27/01/2020,3:03 PM
2012,Q2,Industry,Construction,"46,341.00",4.3,"36,932.00",7,27/01/2020,3:03 PM
2012,Q2,sevices,"Wholesale & Retail Trade

","82,314.00",7.7,"62,127.00",11.5,27/01/2020,3:03 PM
2012,Q2,sevices,Accommodation & restaurant,"11,133.00",1,"10,729.00",-3,27/01/2020,3:03 PM
2012,Q2,sevices,Transport & Storage,"80,890.00",7.6,"57,859.00",8.2,27/01/2020,3:03 PM
2012,Q2,sevices,Information & Communication,"14,728.00",1.4,"23,468.00",-5.3,27/01/2020,3:03 PM
2012,Q2,sevices,Financial & Insurance,"61,780.00",5.8,"47,875.00",5.1,27/01/2020,3:03 PM
2012,Q2,sevices,Public administration,"44,878.00",4.2,"34,407.00",3.3,27/01/2020,3:03 PM
2012,Q2,sevices,"Professional, Administration & Support Services","22,905.00",2.1,"19,737.00",6.3,27/01/2020,3:03 PM
2012,Q2,sevices,Real estate,"84,742.00",8,"70,442.00",4.1,27/01/2020,3:03 PM
2012,Q2,sevices,Education,"55,745.00",5.2,"57,305.00",9.7,27/01/2020,3:03 PM
2012,Q2,sevices,Health,"17,797.00",1.7,"14,818.00",-3.2,27/01/2020,3:03 PM
2012,Q2,sevices,Other services,"13,661.00",1.3,"11,192.00",2.1,27/01/2020,3:03 PM
2012,Q2,sevices,FISIM,"-27,687.00",-2.6,"-20,067.00",10.8,27/01/2020,3:03 PM
2012,Q2,,All industries at basic prices,"961,661.00",90.2,"758,053.00",3.8,27/01/2020,3:03 PM
2012,Q2,,Taxes on products,"104,206.00",9.8,"95,377.00",8.4,27/01/2020,3:03 PM
2012,Q2,,GDP at market prices,"1,065,868.00",100,"853,430.00",4.3,27/01/2020,3:03 PM
2012,Q2,,GDP (seasonally adjusted),"1,049,995.00",,"848,021.00",-0.3,27/01/2020,3:03 PM
2012,Q3,Agriculture,Agriculture,"230,100.00",22.2,"164,905.00",2.5,27/01/2020,3:03 PM
2012,Q3,Industry,Mining & Quarrying,"12,295.00",1.2,"8,718.00",18.4,27/01/2020,3:03 PM
2012,Q3,Industry,Manufacturing,"118,931.00",11.5,"95,458.00",-0.5,27/01/2020,3:03 PM
2012,Q3,Industry,Electricity & water supply,"21,900.00",2.1,"20,283.00",10.8,27/01/2020,3:03 PM
2012,Q3,Industry,Construction,"48,562.00",4.7,"39,246.00",11.7,27/01/2020,3:03 PM
2012,Q3,sevices,"Wholesale & Retail Trade

","94,859.00",9.1,"72,499.00",17.2,27/01/2020,3:03 PM
2012,Q3,sevices,Accommodation & restaurant,"13,009.00",1.3,"12,016.00",-2.8,27/01/2020,3:03 PM
2012,Q3,sevices,Transport & Storage,"87,828.00",8.5,"59,676.00",-2.1,27/01/2020,3:03 PM
2012,Q3,sevices,Information & Communication,"15,520.00",1.5,"23,877.00",-12.2,27/01/2020,3:03 PM
2012,Q3,sevices,Financial & Insurance,"55,487.00",5.3,"50,001.00",7.2,27/01/2020,3:03 PM
2012,Q3,sevices,Public administration,"44,147.00",4.3,"34,213.00",2.3,27/01/2020,3:03 PM
2012,Q3,sevices,"Professional, Administration & Support Services","25,764.00",2.5,"22,071.00",5.9,27/01/2020,3:03 PM
2012,Q3,sevices,Real estate,"87,004.00",8.4,"71,078.00",3.9,27/01/2020,3:03 PM
2012,Q3,sevices,Education,"57,678.00",5.6,"59,463.00",11.4,27/01/2020,3:03 PM
2012,Q3,sevices,Health,"17,516.00",1.7,"14,704.00",-3.6,27/01/2020,3:03 PM
2012,Q3,sevices,Other services,"14,459.00",1.4,"11,596.00",1.9,27/01/2020,3:03 PM
2012,Q3,sevices,FISIM,"-23,950.00",-2.3,"-21,371.00",11.2,27/01/2020,3:03 PM
2012,Q3,,All industries at basic prices,"921,112.00",88.8,"738,431.00",4,27/01/2020,3:03 PM
2012,Q3,,Taxes on products,"116,146.00",11.2,"109,278.00",12.1,27/01/2020,3:03 PM
2012,Q3,,GDP at market prices,"1,037,257.00",100,"847,709.00",5,27/01/2020,3:03 PM
2012,Q3,,GDP (seasonally adjusted),"1,064,933.00",,"862,288.00",-0.8,27/01/2020,3:03 PM
2012,Q4,Agriculture,Agriculture,"235,461.00",21.9,"165,342.00",2.8,27/01/2020,3:03 PM
2012,Q4,Industry,Mining & Quarrying,"12,750.00",1.2,"8,761.00",24.6,27/01/2020,3:03 PM
2012,Q4,Industry,Manufacturing,"126,323.00",11.8,"101,222.00",0.4,27/01/2020,3:03 PM
2012,Q4,Industry,Electricity & water supply,"23,425.00",2.2,"21,269.00",9.5,27/01/2020,3:03 PM
2012,Q4,Industry,Construction,"51,050.00",4.8,"42,228.00",8.4,27/01/2020,3:03 PM
2012,Q4,sevices,"Wholesale & Retail Trade

","83,898.00",7.8,"64,480.00",2.2,27/01/2020,3:03 PM
2012,Q4,sevices,Accommodation & restaurant,"12,978.00",1.2,"11,922.00",6.2,27/01/2020,3:03 PM
2012,Q4,sevices,Transport & Storage,"91,323.00",8.5,"61,694.00",-1.6,27/01/2020,3:03 PM
2012,Q4,sevices,Information & Communication,"22,650.00",2.1,"35,321.00",13.8,27/01/2020,3:03 PM
2012,Q4,sevices,Financial & Insurance,"74,041.00",6.9,"51,653.00",11.2,27/01/2020,3:03 PM
2012,Q4,sevices,Public administration,"54,471.00",5.1,"34,335.00",3.6,27/01/2020,3:03 PM
2012,Q4,sevices,"Professional, Administration & Support Services","27,683.00",2.6,"23,606.00",10.7,27/01/2020,3:03 PM
2012,Q4,sevices,Real estate,"88,008.00",8.2,"71,725.00",3.8,27/01/2020,3:03 PM
2012,Q4,sevices,Education,"56,625.00",5.3,"59,648.00",12.6,27/01/2020,3:03 PM
2012,Q4,sevices,Health,"17,163.00",1.6,"14,368.00",-3,27/01/2020,3:03 PM
2012,Q4,sevices,Other services,"14,799.00",1.4,"11,724.00",3.4,27/01/2020,3:03 PM
2012,Q4,sevices,FISIM,"-32,979.00",-3.1,"-21,862.00",12.6,27/01/2020,3:03 PM
2012,Q4,,All industries at basic prices,"959,669.00",89.5,"757,434.00",4.5,27/01/2020,3:03 PM
2012,Q4,,Taxes on products,"113,175.00",10.5,"104,964.00",6.1,27/01/2020,3:03 PM
2012,Q4,,GDP at market prices,"1,072,844.00",100,"862,398.00",4.7,27/01/2020,3:03 PM
2012,Q4,,GDP (seasonally adjusted),"1,123,608.00",,"885,777.00",-0.8,27/01/2020,3:03 PM
2013,Q1,Agriculture,Agriculture,"365,691.00",30.5,"247,605.00",5.3,27/01/2020,3:03 PM
2013,Q1,Industry,Mining & Quarrying,"11,201.00",0.9,"9,243.00",16.9,27/01/2020,3:03 PM
2013,Q1,Industry,Manufacturing,"128,498.00",10.7,"102,483.00",9.5,27/01/2020,3:03 PM
2013,Q1,Industry,Electricity & water supply,"23,797.00",2,"21,106.00",5.6,27/01/2020,3:03 PM
2013,Q1,Industry,Construction,"52,695.00",4.4,"39,810.00",9.4,27/01/2020,3:03 PM
2013,Q1,sevices,"Wholesale & Retail Trade

","84,341.00",7,"63,479.00",15.7,27/01/2020,3:03 PM
2013,Q1,sevices,Accommodation & restaurant,"17,298.00",1.4,"16,318.00",-19.6,27/01/2020,3:03 PM
2013,Q1,sevices,Transport & Storage,"81,872.00",6.8,"53,589.00",-8.7,27/01/2020,3:03 PM
2013,Q1,sevices,Information & Communication,"17,938.00",1.5,"29,516.00",15,27/01/2020,3:03 PM
2013,Q1,sevices,Financial & Insurance,"67,686.00",5.7,"51,666.00",10.7,27/01/2020,3:03 PM
2013,Q1,sevices,Public administration,"51,716.00",4.3,"36,175.00",3.6,27/01/2020,3:03 PM
2013,Q1,sevices,"Professional, Administration & Support Services","24,352.00",2,"20,342.00",7.9,27/01/2020,3:03 PM
2013,Q1,sevices,Real estate,"90,941.00",7.6,"72,476.00",3.8,27/01/2020,3:03 PM
2013,Q1,sevices,Education,"64,702.00",5.4,"61,552.00",6.6,27/01/2020,3:03 PM
2013,Q1,sevices,Health,"17,158.00",1.4,"14,849.00",-1.9,27/01/2020,3:03 PM
2013,Q1,sevices,Other services,"14,810.00",1.2,"11,652.00",3.2,27/01/2020,3:03 PM
2013,Q1,sevices,FISIM,"-28,042.00",-2.3,"-21,267.00",9.9,27/01/2020,3:03 PM
2013,Q1,,All industries at basic prices,"1,086,656.00",90.7,"830,593.00",5.5,27/01/2020,3:03 PM
2013,Q1,,Taxes on products,"111,189.00",9.3,"103,755.00",11.3,27/01/2020,3:03 PM
2013,Q1,,GDP at market prices,"1,197,844.00",100,"934,348.00",6.1,27/01/2020,3:03 PM
2013,Q1,,GDP (seasonally adjusted),"1,151,947.00",,"899,423.00",1.7,27/01/2020,3:03 PM
2013,Q2,Agriculture,Agriculture,"337,137.00",28.3,"225,683.00",6.8,27/01/2020,3:03 PM
2013,Q2,Industry,Mining & Quarrying,"8,747.00",0.7,"6,752.00",-20.1,27/01/2020,3:03 PM
2013,Q2,Industry,Manufacturing,"120,997.00",10.1,"98,321.00",7.5,27/01/2020,3:03 PM
2013,Q2,Industry,Electricity & water supply,"24,606.00",2.1,"22,112.00",10.4,27/01/2020,3:03 PM
2013,Q2,Industry,Construction,"53,364.00",4.5,"40,543.00",9.8,27/01/2020,3:03 PM
2013,Q2,sevices,"Wholesale & Retail Trade

","94,698.00",7.9,"69,125.00",11.3,27/01/2020,3:03 PM
2013,Q2,sevices,Accommodation & restaurant,"12,896.00",1.1,"10,857.00",1.2,27/01/2020,3:03 PM
2013,Q2,sevices,Transport & Storage,"90,388.00",7.6,"58,508.00",1.1,27/01/2020,3:03 PM
2013,Q2,sevices,Information & Communication,"15,253.00",1.3,"26,194.00",11.6,27/01/2020,3:03 PM
2013,Q2,sevices,Financial & Insurance,"79,135.00",6.6,"52,662.00",10,27/01/2020,3:03 PM
2013,Q2,sevices,Public administration,"54,629.00",4.6,"35,711.00",3.8,27/01/2020,3:03 PM
2013,Q2,sevices,"Professional, Administration & Support Services","25,276.00",2.1,"20,966.00",6.2,27/01/2020,3:03 PM
2013,Q2,sevices,Real estate,"92,477.00",7.8,"73,220.00",3.9,27/01/2020,3:03 PM
2013,Q2,sevices,Education,"61,941.00",5.2,"61,948.00",8.1,27/01/2020,3:03 PM
2013,Q2,sevices,Health,"18,642.00",1.6,"16,249.00",9.7,27/01/2020,3:03 PM
2013,Q2,sevices,Other services,"15,088.00",1.3,"11,739.00",4.9,27/01/2020,3:03 PM
2013,Q2,sevices,FISIM,"-31,652.00",-2.7,"-21,350.00",6.4,27/01/2020,3:03 PM
2013,Q2,,All industries at basic prices,"1,073,623.00",90,"809,239.00",6.8,27/01/2020,3:03 PM
2013,Q2,,Taxes on products,"119,263.00",10,"108,351.00",13.6,27/01/2020,3:03 PM
2013,Q2,,GDP at market prices,"1,192,885.00",100,"917,590.00",7.5,27/01/2020,3:03 PM
2013,Q2,,GDP (seasonally adjusted),"1,166,799.00",,"908,648.00",1,27/01/2020,3:03 PM
2013,Q3,Agriculture,Agriculture,"280,422.00",23.7,"174,456.00",5.8,27/01/2020,3:03 PM
2013,Q3,Industry,Mining & Quarrying,"11,541.00",1,"8,754.00",0.4,27/01/2020,3:03 PM
2013,Q3,Industry,Manufacturing,"127,584.00",10.8,"100,552.00",5.3,27/01/2020,3:03 PM
2013,Q3,Industry,Electricity & water supply,"22,987.00",1.9,"21,694.00",7,27/01/2020,3:03 PM
2013,Q3,Industry,Construction,"55,686.00",4.7,"42,883.00",9.3,27/01/2020,3:03 PM
2013,Q3,sevices,"Wholesale & Retail Trade

","106,978.00",9.1,"76,603.00",5.7,27/01/2020,3:03 PM
2013,Q3,sevices,Accommodation & restaurant,"15,299.00",1.3,"13,504.00",12.4,27/01/2020,3:03 PM
2013,Q3,sevices,Transport & Storage,"96,674.00",8.2,"61,356.00",2.8,27/01/2020,3:03 PM
2013,Q3,sevices,Information & Communication,"14,877.00",1.3,"26,880.00",12.6,27/01/2020,3:03 PM
2013,Q3,sevices,Financial & Insurance,"79,994.00",6.8,"53,531.00",7.1,27/01/2020,3:03 PM
2013,Q3,sevices,Public administration,"51,475.00",4.4,"36,636.00",7.1,27/01/2020,3:03 PM
2013,Q3,sevices,"Professional, Administration & Support Services","27,084.00",2.3,"22,390.00",1.4,27/01/2020,3:03 PM
2013,Q3,sevices,Real estate,"94,832.00",8,"74,057.00",4.2,27/01/2020,3:03 PM
2013,Q3,sevices,Education,"62,337.00",5.3,"62,680.00",5.4,27/01/2020,3:03 PM
2013,Q3,sevices,Health,"18,736.00",1.6,"15,954.00",8.5,27/01/2020,3:03 PM
2013,Q3,sevices,Other services,"15,760.00",1.3,"12,065.00",4,27/01/2020,3:03 PM
2013,Q3,sevices,FISIM,"-31,209.00",-2.6,"-21,892.00",2.4,27/01/2020,3:03 PM
2013,Q3,,All industries at basic prices,"1,051,057.00",88.9,"782,102.00",5.9,27/01/2020,3:03 PM
2013,Q3,,Taxes on products,"130,947.00",11.1,"120,259.00",10,27/01/2020,3:03 PM
2013,Q3,,GDP at market prices,"1,182,005.00",100,"902,361.00",6.4,27/01/2020,3:03 PM
2013,Q3,,GDP (seasonally adjusted),"1,203,724.00",,"919,529.00",1.2,27/01/2020,3:03 PM
2013,Q4,Agriculture,Agriculture,"271,511.00",23.2,"171,245.00",3.6,27/01/2020,3:03 PM
2013,Q4,Industry,Mining & Quarrying,"9,252.00",0.8,"7,656.00",-12.6,27/01/2020,3:03 PM
2013,Q4,Industry,Manufacturing,"129,533.00",11,"101,772.00",0.5,27/01/2020,3:03 PM
2013,Q4,Industry,Electricity & water supply,"22,953.00",2,"22,048.00",3.7,27/01/2020,3:03 PM
2013,Q4,Industry,Construction,"51,820.00",4.4,"40,985.00",-2.9,27/01/2020,3:03 PM
2013,Q4,sevices,"Wholesale & Retail Trade

","94,628.00",8.1,"66,084.00",2.5,27/01/2020,3:03 PM
2013,Q4,sevices,Accommodation & restaurant,"12,544.00",1.1,"11,762.00",-1.3,27/01/2020,3:03 PM
2013,Q4,sevices,Transport & Storage,"109,592.00",9.3,"67,659.00",9.7,27/01/2020,3:03 PM
2013,Q4,sevices,Information & Communication,"20,410.00",1.7,"39,300.00",11.3,27/01/2020,3:03 PM
2013,Q4,sevices,Financial & Insurance,"86,305.00",7.4,"54,326.00",7.2,27/01/2020,3:03 PM
2013,Q4,sevices,Public administration,"50,827.00",4.3,"33,156.00",-3.4,27/01/2020,3:03 PM
2013,Q4,sevices,"Professional, Administration & Support Services","28,949.00",2.5,"23,615.00",0,27/01/2020,3:03 PM
2013,Q4,sevices,Real estate,"97,339.00",8.3,"74,994.00",4.6,27/01/2020,3:03 PM
2013,Q4,sevices,Education,"62,978.00",5.4,"62,821.00",5.3,27/01/2020,3:03 PM
2013,Q4,sevices,Health,"20,621.00",1.8,"16,528.00",15,27/01/2020,3:03 PM
2013,Q4,sevices,Other services,"16,549.00",1.4,"12,434.00",6.1,27/01/2020,3:03 PM
2013,Q4,sevices,FISIM,"-33,234.00",-2.8,"-22,423.00",2.6,27/01/2020,3:03 PM
2013,Q4,,All industries at basic prices,"1,052,575.00",89.8,"783,963.00",3.5,27/01/2020,3:03 PM
2013,Q4,,Taxes on products,"119,781.00",10.2,"108,560.00",3.4,27/01/2020,3:03 PM
2013,Q4,,GDP at market prices,"1,172,356.00",100,"892,522.00",3.5,27/01/2020,3:03 PM
2013,Q4,,GDP (seasonally adjusted),"1,233,715.00",,"927,229.00",0.8,27/01/2020,3:03 PM
2014,Q1,Agriculture,Agriculture,"436,992.00",32.1,"258,061.00",4.2,27/01/2020,3:03 PM
2014,Q1,Industry,Mining & Quarrying,"12,620.00",0.9,"10,328.00",11.7,27/01/2020,3:03 PM
2014,Q1,Industry,Manufacturing,"137,265.00",10.1,"107,565.00",5,27/01/2020,3:03 PM
2014,Q1,Industry,Electricity & water supply,"19,600.00",1.4,"21,913.00",3.8,27/01/2020,3:03 PM
2014,Q1,Industry,Construction,"56,848.00",4.2,"42,844.00",7.6,27/01/2020,3:03 PM
2014,Q1,sevices,"Wholesale & Retail Trade

","101,617.00",7.5,"69,357.00",9.3,27/01/2020,3:03 PM
2014,Q1,sevices,Accommodation & restaurant,"14,694.00",1.1,"13,255.00",-18.8,27/01/2020,3:03 PM
2014,Q1,sevices,Transport & Storage,"96,188.00",7.1,"55,497.00",3.6,27/01/2020,3:03 PM
2014,Q1,sevices,Information & Communication,"16,681.00",1.2,"33,400.00",13.2,27/01/2020,3:03 PM
2014,Q1,sevices,Financial & Insurance,"86,427.00",6.3,"55,414.00",7.3,27/01/2020,3:03 PM
2014,Q1,sevices,Public administration,"59,526.00",4.4,"37,954.00",4.9,27/01/2020,3:03 PM
2014,Q1,sevices,"Professional, Administration & Support Services","25,433.00",1.9,"20,488.00",0.7,27/01/2020,3:03 PM
2014,Q1,sevices,Real estate,"100,053.00",7.3,"76,009.00",4.9,27/01/2020,3:03 PM
2014,Q1,sevices,Education,"73,210.00",5.4,"67,065.00",9,27/01/2020,3:03 PM
2014,Q1,sevices,Health,"19,926.00",1.5,"15,529.00",4.6,27/01/2020,3:03 PM
2014,Q1,sevices,Other services,"16,711.00",1.2,"12,270.00",5.3,27/01/2020,3:03 PM
2014,Q1,sevices,FISIM,"-31,803.00",-2.3,"-22,980.00",8.1,27/01/2020,3:03 PM
2014,Q1,,All industries at basic prices,"1,241,987.00",91.2,"873,970.00",5.2,27/01/2020,3:03 PM
2014,Q1,,Taxes on products,"120,003.00",8.8,"108,947.00",5,27/01/2020,3:03 PM
2014,Q1,,GDP at market prices,"1,361,990.00",100,"982,917.00",5.2,27/01/2020,3:03 PM
2014,Q1,,GDP (seasonally adjusted),"1,288,140.00",,"939,421.00",1.3,27/01/2020,3:03 PM
2014,Q2,Agriculture,Agriculture,"385,837.00",28.3,"235,675.00",4.4,27/01/2020,3:03 PM
2014,Q2,Industry,Mining & Quarrying,"9,945.00",0.7,"8,559.00",26.8,27/01/2020,3:03 PM
2014,Q2,Industry,Manufacturing,"134,877.00",9.9,"105,381.00",7.2,27/01/2020,3:03 PM
2014,Q2,Industry,Electricity & water supply,"23,663.00",1.7,"23,137.00",4.6,27/01/2020,3:03 PM
2014,Q2,Industry,Construction,"67,642.00",5,"47,230.00",16.5,27/01/2020,3:03 PM
2014,Q2,sevices,"Wholesale & Retail Trade

","106,012.00",7.8,"72,442.00",4.8,27/01/2020,3:03 PM
2014,Q2,sevices,Accommodation & restaurant,"10,466.00",0.8,"8,222.00",-24.3,27/01/2020,3:03 PM
2014,Q2,sevices,Transport & Storage,"114,294.00",8.4,"61,810.00",5.6,27/01/2020,3:03 PM
2014,Q2,sevices,Information & Communication,"14,934.00",1.1,"28,658.00",9.4,27/01/2020,3:03 PM
2014,Q2,sevices,Financial & Insurance,"92,478.00",6.8,"56,443.00",7.2,27/01/2020,3:03 PM
2014,Q2,sevices,Public administration,"64,979.00",4.8,"40,292.00",12.8,27/01/2020,3:03 PM
2014,Q2,sevices,"Professional, Administration & Support Services","26,922.00",2,"21,459.00",2.4,27/01/2020,3:03 PM
2014,Q2,sevices,Real estate,"103,610.00",7.6,"77,290.00",5.6,27/01/2020,3:03 PM
2014,Q2,sevices,Education,"69,185.00",5.1,"67,292.00",8.6,27/01/2020,3:03 PM
2014,Q2,sevices,Health,"23,211.00",1.7,"17,535.00",7.9,27/01/2020,3:03 PM
2014,Q2,sevices,Other services,"17,056.00",1.3,"12,284.00",4.6,27/01/2020,3:03 PM
2014,Q2,sevices,FISIM,"-34,101.00",-2.5,"-23,650.00",10.8,27/01/2020,3:03 PM
2014,Q2,,All industries at basic prices,"1,231,010.00",90.3,"860,057.00",6.3,27/01/2020,3:03 PM
2014,Q2,,Taxes on products,"132,308.00",9.7,"112,704.00",4,27/01/2020,3:03 PM
2014,Q2,,GDP at market prices,"1,363,319.00",100,"972,761.00",6,27/01/2020,3:03 PM
2014,Q2,,GDP (seasonally adjusted),"1,336,700.00",,"959,131.00",2,27/01/2020,3:03 PM
2014,Q3,Agriculture,Agriculture,"350,835.00",26,"186,756.00",7.1,27/01/2020,3:03 PM
2014,Q3,Industry,Mining & Quarrying,"10,462.00",0.8,"8,875.00",1.4,27/01/2020,3:03 PM
2014,Q3,Industry,Manufacturing,"133,898.00",9.9,"101,099.00",0.5,27/01/2020,3:03 PM
2014,Q3,Industry,Electricity & water supply,"28,545.00",2.1,"23,347.00",7.6,27/01/2020,3:03 PM
2014,Q3,Industry,Construction,"67,304.00",5,"46,631.00",8.7,27/01/2020,3:03 PM
2014,Q3,sevices,"Wholesale & Retail Trade

","117,757.00",8.7,"80,704.00",5.4,27/01/2020,3:03 PM
2014,Q3,sevices,Accommodation & restaurant,"11,529.00",0.9,"10,060.00",-25.5,27/01/2020,3:03 PM
2014,Q3,sevices,Transport & Storage,"122,293.00",9,"66,670.00",8.7,27/01/2020,3:03 PM
2014,Q3,sevices,Information & Communication,"15,286.00",1.1,"31,939.00",18.8,27/01/2020,3:03 PM
2014,Q3,sevices,Financial & Insurance,"85,762.00",6.3,"58,071.00",8.5,27/01/2020,3:03 PM
2014,Q3,sevices,Public administration,"56,852.00",4.2,"34,222.00",-6.6,27/01/2020,3:03 PM
2014,Q3,sevices,"Professional, Administration & Support Services","29,301.00",2.2,"23,288.00",4,27/01/2020,3:03 PM
2014,Q3,sevices,Real estate,"106,168.00",7.9,"78,813.00",6.4,27/01/2020,3:03 PM
2014,Q3,sevices,Education,"67,468.00",5,"67,179.00",7.2,27/01/2020,3:03 PM
2014,Q3,sevices,Health,"23,397.00",1.7,"17,355.00",8.8,27/01/2020,3:03 PM
2014,Q3,sevices,Other services,"17,547.00",1.3,"12,417.00",2.9,27/01/2020,3:03 PM
2014,Q3,sevices,FISIM,"-31,145.00",-2.3,"-24,702.00",12.8,27/01/2020,3:03 PM
2014,Q3,,All industries at basic prices,"1,213,259.00",89.8,"822,725.00",5.2,27/01/2020,3:03 PM
2014,Q3,,Taxes on products,"138,105.00",10.2,"121,362.00",0.9,27/01/2020,3:03 PM
2014,Q3,,GDP at market prices,"1,351,363.00",100,"944,087.00",4.6,27/01/2020,3:03 PM
2014,Q3,,GDP (seasonally adjusted),"1,372,419.00",,"970,431.00",1.1,27/01/2020,3:03 PM
2014,Q4,Agriculture,Agriculture,"309,413.00",23.3,"174,261.00",1.8,27/01/2020,3:03 PM
2014,Q4,Industry,Mining & Quarrying,"11,908.00",0.9,"9,473.00",23.7,27/01/2020,3:03 PM
2014,Q4,Industry,Manufacturing,"131,959.00",10,"99,237.00",-2.5,27/01/2020,3:03 PM
2014,Q4,Industry,Electricity & water supply,"25,484.00",1.9,"23,891.00",8.4,27/01/2020,3:03 PM
2014,Q4,Industry,Construction,"70,297.00",5.3,"48,991.00",19.5,27/01/2020,3:03 PM
2014,Q4,sevices,"Wholesale & Retail Trade

","106,599.00",8,"71,853.00",8.7,27/01/2020,3:03 PM
2014,Q4,sevices,Accommodation & restaurant,"12,463.00",0.9,"12,120.00",3,27/01/2020,3:03 PM
2014,Q4,sevices,Transport & Storage,"129,683.00",9.8,"70,381.00",4,27/01/2020,3:03 PM
2014,Q4,sevices,Information & Communication,"18,691.00",1.4,"45,626.00",16.1,27/01/2020,3:03 PM
2014,Q4,sevices,Financial & Insurance,"102,097.00",7.7,"59,891.00",10.2,27/01/2020,3:03 PM
2014,Q4,sevices,Public administration,"62,169.00",4.7,"37,088.00",11.9,27/01/2020,3:03 PM
2014,Q4,sevices,"Professional, Administration & Support Services","31,404.00",2.4,"24,839.00",5.2,27/01/2020,3:03 PM
2014,Q4,sevices,Real estate,"107,998.00",8.1,"79,036.00",5.4,27/01/2020,3:03 PM
2014,Q4,sevices,Education,"69,681.00",5.3,"66,823.00",6.4,27/01/2020,3:03 PM
2014,Q4,sevices,Health,"25,435.00",1.9,"18,310.00",10.8,27/01/2020,3:03 PM
2014,Q4,sevices,Other services,"18,772.00",1.4,"12,934.00",4,27/01/2020,3:03 PM
2014,Q4,sevices,FISIM,"-37,540.00",-2.8,"-25,431.00",13.4,27/01/2020,3:03 PM
2014,Q4,,All industries at basic prices,"1,196,513.00",90.2,"829,324.00",5.8,27/01/2020,3:03 PM
2014,Q4,,Taxes on products,"129,462.00",9.8,"113,098.00",4.2,27/01/2020,3:03 PM
2014,Q4,,GDP at market prices,"1,325,976.00",100,"942,421.00",5.6,27/01/2020,3:03 PM
2014,Q4,,GDP (seasonally adjusted),"1,421,361.00",,"977,060.00",1,27/01/2020,3:03 PM
2015,Q1,Agriculture,Agriculture,"534,000.00",34,"278,159.00",7.8,27/01/2020,3:03 PM
2015,Q1,Industry,Mining & Quarrying,"15,585.00",1,"11,264.00",9.1,27/01/2020,3:03 PM
2015,Q1,Industry,Manufacturing,"148,738.00",9.5,"110,681.00",2.9,27/01/2020,3:03 PM
2015,Q1,Industry,Electricity & water supply,"26,498.00",1.7,"24,065.00",9.8,27/01/2020,3:03 PM
2015,Q1,Industry,Construction,"69,183.00",4.4,"48,368.00",12.9,27/01/2020,3:03 PM
2015,Q1,sevices,"Wholesale & Retail Trade

","110,929.00",7.1,"73,285.00",5.7,27/01/2020,3:03 PM
2015,Q1,sevices,Accommodation & restaurant,"13,444.00",0.9,"11,863.00",-10.5,27/01/2020,3:03 PM
2015,Q1,sevices,Transport & Storage,"115,974.00",7.4,"60,081.00",8.3,27/01/2020,3:03 PM
2015,Q1,sevices,Information & Communication,"20,173.00",1.3,"36,374.00",8.9,27/01/2020,3:03 PM
2015,Q1,sevices,Financial & Insurance,"97,089.00",6.2,"61,036.00",10.1,27/01/2020,3:03 PM
2015,Q1,sevices,Public administration,"61,680.00",3.9,"37,435.00",-1.4,27/01/2020,3:03 PM
2015,Q1,sevices,"Professional, Administration & Support Services","28,113.00",1.8,"21,928.00",7,27/01/2020,3:03 PM
2015,Q1,sevices,Real estate,"112,025.00",7.1,"80,806.00",6.3,27/01/2020,3:03 PM
2015,Q1,sevices,Education,"82,655.00",5.3,"70,040.00",4.4,27/01/2020,3:03 PM
2015,Q1,sevices,Health,"23,440.00",1.5,"16,329.00",5.2,27/01/2020,3:03 PM
2015,Q1,sevices,Other services,"18,850.00",1.2,"12,735.00",3.8,27/01/2020,3:03 PM
2015,Q1,sevices,FISIM,"-34,980.00",-2.2,"-26,029.00",13.3,27/01/2020,3:03 PM
2015,Q1,,All industries at basic prices,"1,443,395.00",91.9,"928,419.00",6.2,27/01/2020,3:03 PM
2015,Q1,,Taxes on products,"127,051.00",8.1,"111,014.00",1.9,27/01/2020,3:03 PM
2015,Q1,,GDP at market prices,"1,570,446.00",100,"1,039,433.00",5.7,27/01/2020,3:03 PM
2015,Q1,,GDP (seasonally adjusted),"1,489,426.00",,"998,735.00",2.2,27/01/2020,3:03 PM
2015,Q2,Agriculture,Agriculture,"518,224.00",32.4,"246,049.00",4.4,27/01/2020,3:03 PM
2015,Q2,Industry,Mining & Quarrying,"12,524.00",0.8,"9,743.00",13.8,27/01/2020,3:03 PM
2015,Q2,Industry,Manufacturing,"149,153.00",9.3,"108,578.00",3,27/01/2020,3:03 PM
2015,Q2,Industry,Electricity & water supply,"31,461.00",2,"25,884.00",11.9,27/01/2020,3:03 PM
2015,Q2,Industry,Construction,"75,824.00",4.7,"52,970.00",12.2,27/01/2020,3:03 PM
2015,Q2,sevices,"Wholesale & Retail Trade

","116,800.00",7.3,"75,995.00",4.9,27/01/2020,3:03 PM
2015,Q2,sevices,Accommodation & restaurant,"10,579.00",0.7,"8,067.00",-1.9,27/01/2020,3:03 PM
2015,Q2,sevices,Transport & Storage,"122,522.00",7.7,"67,351.00",9,27/01/2020,3:03 PM
2015,Q2,sevices,Information & Communication,"19,430.00",1.2,"31,030.00",8.3,27/01/2020,3:03 PM
2015,Q2,sevices,Financial & Insurance,"102,277.00",6.4,"61,392.00",8.8,27/01/2020,3:03 PM
2015,Q2,sevices,Public administration,"73,264.00",4.6,"43,972.00",9.1,27/01/2020,3:03 PM
2015,Q2,sevices,"Professional, Administration & Support Services","28,820.00",1.8,"22,325.00",4,27/01/2020,3:03 PM
2015,Q2,sevices,Real estate,"116,320.00",7.3,"82,628.00",6.9,27/01/2020,3:03 PM
2015,Q2,sevices,Education,"77,790.00",4.9,"70,460.00",4.7,27/01/2020,3:03 PM
2015,Q2,sevices,Health,"27,581.00",1.7,"18,610.00",6.1,27/01/2020,3:03 PM
2015,Q2,sevices,Other services,"19,139.00",1.2,"12,754.00",3.8,27/01/2020,3:03 PM
2015,Q2,sevices,FISIM,"-41,144.00",-2.6,"-26,738.00",13.1,27/01/2020,3:03 PM
2015,Q2,,All industries at basic prices,"1,460,563.00",91.2,"911,069.00",5.9,27/01/2020,3:03 PM
2015,Q2,,Taxes on products,"140,784.00",8.8,"115,763.00",2.7,27/01/2020,3:03 PM
2015,Q2,,GDP at market prices,"1,601,347.00",100,"1,026,833.00",5.6,27/01/2020,3:03 PM
2015,Q2,,GDP (seasonally adjusted),"1,551,698.00",,"1,011,690.00",1.1,27/01/2020,3:03 PM
2015,Q3,Agriculture,Agriculture,"454,378.00",28.7,"194,167.00",4,27/01/2020,3:03 PM
2015,Q3,Industry,Mining & Quarrying,"14,276.00",0.9,"10,518.00",18.5,27/01/2020,3:03 PM
2015,Q3,Industry,Manufacturing,"149,855.00",9.5,"105,799.00",4.6,27/01/2020,3:03 PM
2015,Q3,Industry,Electricity & water supply,"37,744.00",2.4,"25,483.00",9.1,27/01/2020,3:03 PM
2015,Q3,Industry,Construction,"77,348.00",4.9,"54,538.00",17,27/01/2020,3:03 PM
2015,Q3,sevices,"Wholesale & Retail Trade

","130,080.00",8.2,"86,325.00",7,27/01/2020,3:03 PM
2015,Q3,sevices,Accommodation & restaurant,"12,404.00",0.8,"10,145.00",0.8,27/01/2020,3:03 PM
2015,Q3,sevices,Transport & Storage,"131,740.00",8.3,"73,543.00",10.3,27/01/2020,3:03 PM
2015,Q3,sevices,Information & Communication,"21,572.00",1.4,"33,838.00",5.9,27/01/2020,3:03 PM
2015,Q3,sevices,Financial & Insurance,"104,338.00",6.6,"64,906.00",11.8,27/01/2020,3:03 PM
2015,Q3,sevices,Public administration,"63,165.00",4,"37,235.00",8.8,27/01/2020,3:03 PM
2015,Q3,sevices,"Professional, Administration & Support Services","30,578.00",1.9,"23,450.00",0.7,27/01/2020,3:03 PM
2015,Q3,sevices,Real estate,"120,972.00",7.7,"84,296.00",7,27/01/2020,3:03 PM
2015,Q3,sevices,Education,"75,104.00",4.8,"70,503.00",4.9,27/01/2020,3:03 PM
2015,Q3,sevices,Health,"27,553.00",1.7,"18,429.00",6.2,27/01/2020,3:03 PM
2015,Q3,sevices,Other services,"19,962.00",1.3,"13,167.00",6,27/01/2020,3:03 PM
2015,Q3,sevices,FISIM,"-38,023.00",-2.4,"-27,828.00",12.7,27/01/2020,3:03 PM
2015,Q3,,All industries at basic prices,"1,433,047.00",90.6,"878,512.00",6.8,27/01/2020,3:03 PM
2015,Q3,,Taxes on products,"147,978.00",9.4,"122,958.00",1.3,27/01/2020,3:03 PM
2015,Q3,,GDP at market prices,"1,581,026.00",100,"1,001,471.00",6.1,27/01/2020,3:03 PM
2015,Q3,,GDP (seasonally adjusted),"1,599,865.00",,"1,026,597.00",1.6,27/01/2020,3:03 PM
2015,Q4,Agriculture,Agriculture,"390,746.00",25.5,"182,046.00",4.5,27/01/2020,3:03 PM
2015,Q4,Industry,Mining & Quarrying,"12,199.00",0.8,"10,284.00",8.6,27/01/2020,3:03 PM
2015,Q4,Industry,Manufacturing,"141,150.00",9.2,"103,095.00",3.9,27/01/2020,3:03 PM
2015,Q4,Industry,Electricity & water supply,"40,468.00",2.6,"24,722.00",3.5,27/01/2020,3:03 PM
2015,Q4,Industry,Construction,"85,208.00",5.6,"55,438.00",13.2,27/01/2020,3:03 PM
2015,Q4,sevices,"Wholesale & Retail Trade

","115,586.00",7.5,"76,142.00",6,27/01/2020,3:03 PM
2015,Q4,sevices,Accommodation & restaurant,"12,929.00",0.8,"13,011.00",7.4,27/01/2020,3:03 PM
2015,Q4,sevices,Transport & Storage,"140,252.00",9.2,"73,781.00",4.8,27/01/2020,3:03 PM
2015,Q4,sevices,Information & Communication,"30,026.00",2,"48,726.00",6.8,27/01/2020,3:03 PM
2015,Q4,sevices,Financial & Insurance,"120,252.00",7.9,"64,108.00",7,27/01/2020,3:03 PM
2015,Q4,sevices,Public administration,"69,535.00",4.5,"39,193.00",5.7,27/01/2020,3:03 PM
2015,Q4,sevices,"Professional, Administration & Support Services","32,151.00",2.1,"24,598.00",-1,27/01/2020,3:03 PM
2015,Q4,sevices,Real estate,"125,001.00",8.2,"85,808.00",8.6,27/01/2020,3:03 PM
2015,Q4,sevices,Education,"72,579.00",4.7,"70,539.00",5.6,27/01/2020,3:03 PM
2015,Q4,sevices,Health,"29,449.00",1.9,"19,376.00",5.8,27/01/2020,3:03 PM
2015,Q4,sevices,Other services,"20,204.00",1.3,"13,171.00",1.8,27/01/2020,3:03 PM
2015,Q4,sevices,FISIM,"-49,159.00",-3.2,"-29,230.00",14.9,27/01/2020,3:03 PM
2015,Q4,,All industries at basic prices,"1,388,575.00",90.7,"874,807.00",5.5,27/01/2020,3:03 PM
2015,Q4,,Taxes on products,"142,791.00",9.3,"119,358.00",5.5,27/01/2020,3:03 PM
2015,Q4,,GDP at market prices,"1,531,366.00",100,"994,165.00",5.5,27/01/2020,3:03 PM
2015,Q4,,GDP (seasonally adjusted),"1,662,538.00",,"1,026,512.00",0.3,27/01/2020,3:03 PM
2016,Q1,Agriculture,Agriculture,"571,206.00",34.1,"288,094.00",3.6,27/01/2020,3:03 PM
2016,Q1,Industry,Mining & Quarrying,"14,586.00",0.9,"11,918.00",5.8,27/01/2020,3:03 PM
2016,Q1,Industry,Manufacturing,"162,208.00",9.7,"112,256.00",1.4,27/01/2020,3:03 PM
2016,Q1,Industry,Electricity & water supply,"37,233.00",2.2,"26,535.00",10.3,27/01/2020,3:03 PM
2016,Q1,Industry,Construction,"78,569.00",4.7,"52,841.00",9.2,27/01/2020,3:03 PM
2016,Q1,sevices,"Wholesale & Retail Trade

","114,125.00",6.8,"75,408.00",2.9,27/01/2020,3:03 PM
2016,Q1,sevices,Accommodation & restaurant,"12,894.00",0.8,"12,844.00",8.3,27/01/2020,3:03 PM
2016,Q1,sevices,Transport & Storage,"111,750.00",6.7,"65,028.00",8.2,27/01/2020,3:03 PM
2016,Q1,sevices,Information & Communication,"24,859.00",1.5,"40,313.00",10.8,27/01/2020,3:03 PM
2016,Q1,sevices,Financial & Insurance,"114,800.00",6.8,"65,774.00",7.8,27/01/2020,3:03 PM
2016,Q1,sevices,Public administration,"63,756.00",3.8,"39,693.00",6,27/01/2020,3:03 PM
2016,Q1,sevices,"Professional, Administration & Support Services","30,167.00",1.8,"22,702.00",3.5,27/01/2020,3:03 PM
2016,Q1,sevices,Real estate,"124,110.00",7.4,"88,537.00",9.6,27/01/2020,3:03 PM
2016,Q1,sevices,Education,"80,580.00",4.8,"73,841.00",5.4,27/01/2020,3:03 PM
2016,Q1,sevices,Health,"26,100.00",1.6,"17,106.00",4.8,27/01/2020,3:03 PM
2016,Q1,sevices,Other services,"20,568.00",1.2,"13,297.00",4.4,27/01/2020,3:03 PM
2016,Q1,sevices,FISIM,"-47,688.00",-2.8,"-27,841.00",7,27/01/2020,3:03 PM
2016,Q1,,All industries at basic prices,"1,539,822.00",91.9,"978,346.00",5.4,27/01/2020,3:03 PM
2016,Q1,,Taxes on products,"136,166.00",8.1,"113,404.00",2.2,27/01/2020,3:03 PM
2016,Q1,,GDP at market prices,"1,675,988.00",100,"1,091,750.00",5,27/01/2020,3:03 PM
2016,Q1,,GDP (seasonally adjusted),"1,606,551.00",,"1,049,182.00",1.9,27/01/2020,3:03 PM
2016,Q2,Agriculture,Agriculture,"657,521.00",35.1,"264,697.00",7.6,27/01/2020,3:03 PM
2016,Q2,Industry,Mining & Quarrying,"13,980.00",0.7,"10,655.00",9.4,27/01/2020,3:03 PM
2016,Q2,Industry,Manufacturing,"171,662.00",9.2,"113,936.00",4.9,27/01/2020,3:03 PM
2016,Q2,Industry,Electricity & water supply,"51,357.00",2.7,"28,859.00",11.5,27/01/2020,3:03 PM
2016,Q2,Industry,Construction,"90,787.00",4.8,"56,833.00",7.3,27/01/2020,3:03 PM
2016,Q2,sevices,"Wholesale & Retail Trade

","120,131.00",6.4,"77,326.00",1.8,27/01/2020,3:03 PM
2016,Q2,sevices,Accommodation & restaurant,"10,756.00",0.6,"9,193.00",14,27/01/2020,3:03 PM
2016,Q2,sevices,Transport & Storage,"143,429.00",7.7,"71,342.00",5.9,27/01/2020,3:03 PM
2016,Q2,sevices,Information & Communication,"22,494.00",1.2,"33,348.00",7.5,27/01/2020,3:03 PM
2016,Q2,sevices,Financial & Insurance,"122,641.00",6.5,"65,980.00",7.5,27/01/2020,3:03 PM
2016,Q2,sevices,Public administration,"75,965.00",4.1,"47,133.00",7.2,27/01/2020,3:03 PM
2016,Q2,sevices,"Professional, Administration & Support Services","31,453.00",1.7,"23,601.00",5.7,27/01/2020,3:03 PM
2016,Q2,sevices,Real estate,"133,794.00",7.1,"89,946.00",8.9,27/01/2020,3:03 PM
2016,Q2,sevices,Education,"78,735.00",4.2,"74,052.00",5.1,27/01/2020,3:03 PM
2016,Q2,sevices,Health,"30,850.00",1.6,"19,579.00",5.2,27/01/2020,3:03 PM
2016,Q2,sevices,Other services,"20,673.00",1.1,"13,283.00",4.1,27/01/2020,3:03 PM
2016,Q2,sevices,FISIM,"-52,945.00",-2.8,"-27,531.00",3,27/01/2020,3:03 PM
2016,Q2,,All industries at basic prices,"1,723,283.00",92,"972,231.00",6.7,27/01/2020,3:03 PM
2016,Q2,,Taxes on products,"150,248.00",8,"117,713.00",1.7,27/01/2020,3:03 PM
2016,Q2,,GDP at market prices,"1,873,531.00",100,"1,089,944.00",6.1,27/01/2020,3:03 PM
2016,Q2,,GDP (seasonally adjusted),"1,785,458.00",,"1,072,502.00",2.1,27/01/2020,3:03 PM
2016,Q3,Agriculture,Agriculture,"545,001.00",30.2,"198,189.00",2.1,27/01/2020,3:03 PM
2016,Q3,Industry,Mining & Quarrying,"14,128.00",0.8,"11,402.00",8.4,27/01/2020,3:03 PM
2016,Q3,Industry,Manufacturing,"169,361.00",9.4,"109,983.00",4,27/01/2020,3:03 PM
2016,Q3,Industry,Electricity & water supply,"47,467.00",2.6,"27,198.00",6.7,27/01/2020,3:03 PM
2016,Q3,Industry,Construction,"94,565.00",5.2,"59,926.00",9.9,27/01/2020,3:03 PM
2016,Q3,sevices,"Wholesale & Retail Trade

","142,303.00",7.9,"89,876.00",4.1,27/01/2020,3:03 PM
2016,Q3,sevices,Accommodation & restaurant,"13,770.00",0.8,"11,505.00",13.4,27/01/2020,3:03 PM
2016,Q3,sevices,Transport & Storage,"151,953.00",8.4,"76,528.00",4.1,27/01/2020,3:03 PM
2016,Q3,sevices,Information & Communication,"24,258.00",1.3,"37,021.00",9.4,27/01/2020,3:03 PM
2016,Q3,sevices,Financial & Insurance,"122,243.00",6.8,"69,060.00",6.4,27/01/2020,3:03 PM
2016,Q3,sevices,Public administration,"66,057.00",3.7,"39,275.00",5.5,27/01/2020,3:03 PM
2016,Q3,sevices,"Professional, Administration & Support Services","32,613.00",1.8,"24,387.00",4,27/01/2020,3:03 PM
2016,Q3,sevices,Real estate,"136,041.00",7.5,"91,388.00",8.4,27/01/2020,3:03 PM
2016,Q3,sevices,Education,"76,338.00",4.2,"74,572.00",5.8,27/01/2020,3:03 PM
2016,Q3,sevices,Health,"31,123.00",1.7,"19,482.00",5.7,27/01/2020,3:03 PM
2016,Q3,sevices,Other services,"21,543.00",1.2,"13,751.00",4.4,27/01/2020,3:03 PM
2016,Q3,sevices,FISIM,"-49,027.00",-2.7,"-27,461.00",-1.3,27/01/2020,3:03 PM
2016,Q3,,All industries at basic prices,"1,639,737.00",90.9,"926,084.00",5.4,27/01/2020,3:03 PM
2016,Q3,,Taxes on products,"163,975.00",9.1,"127,132.00",3.4,27/01/2020,3:03 PM
2016,Q3,,GDP at market prices,"1,803,711.00",100,"1,053,216.00",5.2,27/01/2020,3:03 PM
2016,Q3,,GDP (seasonally adjusted),"1,819,589.00",,"1,081,509.00",1.1,27/01/2020,3:03 PM
2016,Q4,Agriculture,Agriculture,"408,470.00",24.5,"191,596.00",5.2,27/01/2020,3:03 PM
2016,Q4,Industry,Mining & Quarrying,"16,455.00",1,"11,799.00",14.7,27/01/2020,3:03 PM
2016,Q4,Industry,Manufacturing,"151,225.00",9.1,"105,145.00",2,27/01/2020,3:03 PM
2016,Q4,Industry,Electricity & water supply,"46,062.00",2.8,"25,939.00",4.9,27/01/2020,3:03 PM
2016,Q4,Industry,Construction,"96,881.00",5.8,"62,646.00",13,27/01/2020,3:03 PM
2016,Q4,sevices,"Wholesale & Retail Trade

","130,097.00",7.8,"80,823.00",6.1,27/01/2020,3:03 PM
2016,Q4,sevices,Accommodation & restaurant,"14,225.00",0.9,"15,260.00",17.3,27/01/2020,3:03 PM
2016,Q4,sevices,Transport & Storage,"158,697.00",9.5,"79,730.00",8.1,27/01/2020,3:03 PM
2016,Q4,sevices,Information & Communication,"33,154.00",2,"54,116.00",11.1,27/01/2020,3:03 PM
2016,Q4,sevices,Financial & Insurance,"136,651.00",8.2,"68,008.00",6.1,27/01/2020,3:03 PM
2016,Q4,sevices,Public administration,"70,632.00",4.2,"40,565.00",3.5,27/01/2020,3:03 PM
2016,Q4,sevices,"Professional, Administration & Support Services","34,458.00",2.1,"25,728.00",4.6,27/01/2020,3:03 PM
2016,Q4,sevices,Real estate,"138,723.00",8.3,"92,853.00",8.2,27/01/2020,3:03 PM
2016,Q4,sevices,Education,"73,860.00",4.4,"73,876.00",4.7,27/01/2020,3:03 PM
2016,Q4,sevices,Health,"31,704.00",1.9,"20,039.00",3.4,27/01/2020,3:03 PM
2016,Q4,sevices,Other services,"21,642.00",1.3,"13,706.00",4.1,27/01/2020,3:03 PM
2016,Q4,sevices,FISIM,"-49,750.00",-3,"-27,498.00",-5.9,27/01/2020,3:03 PM
2016,Q4,,All industries at basic prices,"1,513,185.00",90.6,"934,333.00",6.8,27/01/2020,3:03 PM
2016,Q4,,Taxes on products,"156,548.00",9.4,"131,456.00",10.1,27/01/2020,3:03 PM
2016,Q4,,GDP at market prices,"1,669,733.00",100,"1,065,788.00",7.2,27/01/2020,3:03 PM
2016,Q4,,GDP (seasonally adjusted),"1,828,198.00",,"1,099,024.00",1.5,27/01/2020,3:03 PM
2017,Q1,Agriculture,Agriculture,"823,359.00",40,"299,661.00",4,27/01/2020,3:03 PM
2017,Q1,Industry,Mining & Quarrying,"15,405.00",0.7,"12,585.00",5.6,27/01/2020,3:03 PM
2017,Q1,Industry,Manufacturing,"168,607.00",8.2,"114,397.00",1.9,27/01/2020,3:03 PM
2017,Q1,Industry,Electricity & water supply,"43,038.00",2.1,"28,704.00",8.2,27/01/2020,3:03 PM
2017,Q1,Industry,Construction,"95,307.00",4.6,"57,004.00",7.9,27/01/2020,3:03 PM
2017,Q1,sevices,"Wholesale & Retail Trade

","133,410.00",6.5,"78,048.00",3.5,27/01/2020,3:03 PM
2017,Q1,sevices,Accommodation & restaurant,"15,486.00",0.8,"15,925.00",24,27/01/2020,3:03 PM
2017,Q1,sevices,Transport & Storage,"119,964.00",5.8,"70,074.00",7.8,27/01/2020,3:03 PM
2017,Q1,sevices,Information & Communication,"27,947.00",1.4,"45,720.00",13.4,27/01/2020,3:03 PM
2017,Q1,sevices,Financial & Insurance,"142,564.00",6.9,"68,345.00",3.9,27/01/2020,3:03 PM
2017,Q1,sevices,Public administration,"62,097.00",3,"40,732.00",2.6,27/01/2020,3:03 PM
2017,Q1,sevices,"Professional, Administration & Support Services","31,691.00",1.5,"23,479.00",3.4,27/01/2020,3:03 PM
2017,Q1,sevices,Real estate,"140,532.00",6.8,"94,300.00",6.5,27/01/2020,3:03 PM
2017,Q1,sevices,Education,"80,234.00",3.9,"77,572.00",5.1,27/01/2020,3:03 PM
2017,Q1,sevices,Health,"28,397.00",1.4,"17,683.00",3.4,27/01/2020,3:03 PM
2017,Q1,sevices,Other services,"22,505.00",1.1,"14,116.00",6.2,27/01/2020,3:03 PM
2017,Q1,sevices,FISIM,"-49,773.00",-2.4,"-27,431.00",-1.5,27/01/2020,3:03 PM
2017,Q1,,All industries at basic prices,"1,900,770.00",92.3,"1,030,914.00",5.4,27/01/2020,3:03 PM
2017,Q1,,Taxes on products,"158,715.00",7.7,"118,019.00",4.1,27/01/2020,3:03 PM
2017,Q1,,GDP at market prices,"2,059,485.00",100,"1,148,933.00",5.2,27/01/2020,3:03 PM
2017,Q1,,GDP (seasonally adjusted),"1,952,873.00",,"1,104,388.00",0.5,27/01/2020,3:03 PM
2017,Q2,Agriculture,Agriculture,"823,397.00",38.4,"265,974.00",0.5,27/01/2020,3:03 PM
2017,Q2,Industry,Mining & Quarrying,"14,302.00",0.7,"11,093.00",4.1,27/01/2020,3:03 PM
2017,Q2,Industry,Manufacturing,"171,899.00",8,"114,432.00",0.4,27/01/2020,3:03 PM
2017,Q2,Industry,Electricity & water supply,"55,326.00",2.6,"31,260.00",8.3,27/01/2020,3:03 PM
2017,Q2,Industry,Construction,"112,150.00",5.2,"61,996.00",9.1,27/01/2020,3:03 PM
2017,Q2,sevices,"Wholesale & Retail Trade

","145,196.00",6.8,"81,242.00",5.1,27/01/2020,3:03 PM
2017,Q2,sevices,Accommodation & restaurant,"11,115.00",0.5,"10,334.00",12.4,27/01/2020,3:03 PM
2017,Q2,sevices,Transport & Storage,"152,332.00",7.1,"76,257.00",6.9,27/01/2020,3:03 PM
2017,Q2,sevices,Information & Communication,"23,742.00",1.1,"37,098.00",11.2,27/01/2020,3:03 PM
2017,Q2,sevices,Financial & Insurance,"127,562.00",5.9,"68,139.00",3.3,27/01/2020,3:03 PM
2017,Q2,sevices,Public administration,"72,797.00",3.4,"48,580.00",3.1,27/01/2020,3:03 PM
2017,Q2,sevices,"Professional, Administration & Support Services","33,682.00",1.6,"24,799.00",5.1,27/01/2020,3:03 PM
2017,Q2,sevices,Real estate,"142,082.00",6.6,"95,681.00",6.4,27/01/2020,3:03 PM
2017,Q2,sevices,Education,"80,640.00",3.8,"77,856.00",5.1,27/01/2020,3:03 PM
2017,Q2,sevices,Health,"32,341.00",1.5,"20,575.00",5.1,27/01/2020,3:03 PM
2017,Q2,sevices,Other services,"22,411.00",1,"13,923.00",4.8,27/01/2020,3:03 PM
2017,Q2,sevices,FISIM,"-40,480.00",-1.9,"-26,017.00",-5.5,27/01/2020,3:03 PM
2017,Q2,,All industries at basic prices,"1,980,494.00",92.4,"1,013,221.00",4.2,27/01/2020,3:03 PM
2017,Q2,,Taxes on products,"163,762.00",7.6,"125,078.00",6.3,27/01/2020,3:03 PM
2017,Q2,,GDP at market prices,"2,144,256.00",100,"1,138,300.00",4.4,27/01/2020,3:03 PM
2017,Q2,,GDP (seasonally adjusted),"2,059,379.00",,"1,120,019.00",1.3,27/01/2020,3:03 PM
2017,Q3,Agriculture,Agriculture,"703,449.00",33.8,"202,748.00",2.3,27/01/2020,3:03 PM
2017,Q3,Industry,Mining & Quarrying,"15,758.00",0.8,"11,913.00",4.5,27/01/2020,3:03 PM
2017,Q3,Industry,Manufacturing,"168,062.00",8.1,"110,385.00",0.4,27/01/2020,3:03 PM
2017,Q3,Industry,Electricity & water supply,"50,778.00",2.4,"28,782.00",5.8,27/01/2020,3:03 PM
2017,Q3,Industry,Construction,"115,126.00",5.5,"63,153.00",5.4,27/01/2020,3:03 PM
2017,Q3,sevices,"Wholesale & Retail Trade

","172,185.00",8.3,"95,861.00",6.7,27/01/2020,3:03 PM
2017,Q3,sevices,Accommodation & restaurant,"14,501.00",0.7,"12,902.00",12.1,27/01/2020,3:03 PM
2017,Q3,sevices,Transport & Storage,"155,812.00",7.5,"80,485.00",5.2,27/01/2020,3:03 PM
2017,Q3,sevices,Information & Communication,"24,659.00",1.2,"40,988.00",10.7,27/01/2020,3:03 PM
2017,Q3,sevices,Financial & Insurance,"144,513.00",6.9,"70,497.00",2.1,27/01/2020,3:03 PM
2017,Q3,sevices,Public administration,"69,339.00",3.3,"41,020.00",4.4,27/01/2020,3:03 PM
2017,Q3,sevices,"Professional, Administration & Support Services","33,977.00",1.6,"24,908.00",2.1,27/01/2020,3:03 PM
2017,Q3,sevices,Real estate,"143,819.00",6.9,"96,930.00",6.1,27/01/2020,3:03 PM
2017,Q3,sevices,Education,"82,117.00",3.9,"78,071.00",4.7,27/01/2020,3:03 PM
2017,Q3,sevices,Health,"31,966.00",1.5,"20,368.00",4.5,27/01/2020,3:03 PM
2017,Q3,sevices,Other services,"23,452.00",1.1,"14,387.00",4.6,27/01/2020,3:03 PM
2017,Q3,sevices,FISIM,"-50,240.00",-2.4,"-26,766.00",-2.5,27/01/2020,3:03 PM
2017,Q3,,All industries at basic prices,"1,899,272.00",91.1,"966,632.00",4.4,27/01/2020,3:03 PM
2017,Q3,,Taxes on products,"184,793.00",8.9,"133,176.00",4.8,27/01/2020,3:03 PM
2017,Q3,,GDP at market prices,"2,084,065.00",100,"1,099,807.00",4.4,27/01/2020,3:03 PM
2017,Q3,,GDP (seasonally adjusted),"2,099,899.00",,"1,131,278.00",1.2,27/01/2020,3:03 PM
2017,Q4,Agriculture,Agriculture,"494,058.00",26.3,"189,036.00",-1.3,27/01/2020,3:03 PM
2017,Q4,Industry,Mining & Quarrying,"15,760.00",0.8,"12,222.00",3.6,27/01/2020,3:03 PM
2017,Q4,Industry,Manufacturing,"150,573.00",8,"105,255.00",0.1,27/01/2020,3:03 PM
2017,Q4,Industry,Electricity & water supply,"48,159.00",2.6,"27,338.00",5.4,27/01/2020,3:03 PM
2017,Q4,Industry,Construction,"130,749.00",7,"69,654.00",11.2,27/01/2020,3:03 PM
2017,Q4,sevices,"Wholesale & Retail Trade

","150,890.00",8,"86,906.00",7.5,27/01/2020,3:03 PM
2017,Q4,sevices,Accommodation & restaurant,"15,395.00",0.8,"16,614.00",8.9,27/01/2020,3:03 PM
2017,Q4,sevices,Transport & Storage,"173,094.00",9.2,"86,934.00",9,27/01/2020,3:03 PM
2017,Q4,sevices,Information & Communication,"32,762.00",1.7,"59,179.00",9.4,27/01/2020,3:03 PM
2017,Q4,sevices,Financial & Insurance,"137,733.00",7.3,"68,952.00",1.4,27/01/2020,3:03 PM
2017,Q4,sevices,Public administration,"75,984.00",4,"44,150.00",8.8,27/01/2020,3:03 PM
2017,Q4,sevices,"Professional, Administration & Support Services","36,847.00",2,"26,823.00",4.3,27/01/2020,3:03 PM
2017,Q4,sevices,Real estate,"148,636.00",7.9,"98,044.00",5.6,27/01/2020,3:03 PM
2017,Q4,sevices,Education,"83,563.00",4.4,"78,223.00",5.9,27/01/2020,3:03 PM
2017,Q4,sevices,Health,"32,750.00",1.7,"20,850.00",4,27/01/2020,3:03 PM
2017,Q4,sevices,Other services,"23,777.00",1.3,"14,349.00",4.7,27/01/2020,3:03 PM
2017,Q4,sevices,FISIM,"-47,713.00",-2.5,"-25,333.00",-7.9,27/01/2020,3:03 PM
2017,Q4,,All industries at basic prices,"1,703,018.00",90.7,"979,195.00",4.8,27/01/2020,3:03 PM
2017,Q4,,Taxes on products,"175,018.00",9.3,"141,142.00",7.4,27/01/2020,3:03 PM
2017,Q4,,GDP at market prices,"1,878,036.00",100,"1,120,337.00",5.1,27/01/2020,3:03 PM
2017,Q4,,GDP (seasonally adjusted),"2,065,207.00",,"1,152,360.00",1.8,27/01/2020,3:03 PM
2018,Q1,Agriculture,Agriculture,"870,247.00",38.9,"319,772.00",6.7,27/01/2020,3:03 PM
2018,Q1,Industry,Mining & Quarrying,"16,906.00",0.8,"12,976.00",3.1,27/01/2020,3:03 PM
2018,Q1,Industry,Manufacturing,"180,074.00",8,"118,014.00",3.2,27/01/2020,3:03 PM
2018,Q1,Industry,Electricity & water supply,"49,044.00",2.2,"30,450.00",6.1,27/01/2020,3:03 PM
2018,Q1,Industry,Construction,"100,725.00",4.5,"60,797.00",6.7,27/01/2020,3:03 PM
2018,Q1,sevices,"Wholesale & Retail Trade

","147,886.00",6.6,"82,444.00",5.6,27/01/2020,3:03 PM
2018,Q1,sevices,Accommodation & restaurant,"17,404.00",0.8,"18,042.00",13.3,27/01/2020,3:03 PM
2018,Q1,sevices,Transport & Storage,"145,746.00",6.5,"74,614.00",6.5,27/01/2020,3:03 PM
2018,Q1,sevices,Information & Communication,"29,160.00",1.3,"51,772.00",13.2,27/01/2020,3:03 PM
2018,Q1,sevices,Financial & Insurance,"150,763.00",6.7,"71,065.00",4,27/01/2020,3:03 PM
2018,Q1,sevices,Public administration,"66,027.00",2.9,"42,986.00",5.5,27/01/2020,3:03 PM
2018,Q1,sevices,"Professional, Administration & Support Services","34,958.00",1.6,"24,926.00",6.2,27/01/2020,3:03 PM
2018,Q1,sevices,Real estate,"152,262.00",6.8,"99,158.00",5.2,27/01/2020,3:03 PM
2018,Q1,sevices,Education,"95,378.00",4.3,"81,682.00",5.3,27/01/2020,3:03 PM
2018,Q1,sevices,Health,"29,605.00",1.3,"18,409.00",4.1,27/01/2020,3:03 PM
2018,Q1,sevices,Other services,"24,707.00",1.1,"14,628.00",3.6,27/01/2020,3:03 PM
2018,Q1,sevices,FISIM,"-46,070.00",-2.1,"-26,582.00",-3.1,27/01/2020,3:03 PM
2018,Q1,,All industries at basic prices,"2,064,822.00",92.2,"1,095,154.00",6.2,27/01/2020,3:03 PM
2018,Q1,,Taxes on products,"173,569.00",7.8,"125,192.00",6.1,27/01/2020,3:03 PM
2018,Q1,,GDP at market prices,"2,238,391.00",100,"1,220,345.00",6.2,27/01/2020,3:03 PM
2018,Q1,,GDP (seasonally adjusted),"2,131,670.00",,"1,173,594.00",1.9,27/01/2020,3:03 PM
2018,Q2,Agriculture,Agriculture,"853,622.00",37.1,"281,741.00",5.9,27/01/2020,3:03 PM
2018,Q2,Industry,Mining & Quarrying,"15,685.00",0.7,"11,478.00",3.5,27/01/2020,3:03 PM
2018,Q2,Industry,Manufacturing,"180,751.00",7.9,"118,931.00",3.9,27/01/2020,3:03 PM
2018,Q2,Industry,Electricity & water supply,"61,500.00",2.7,"33,841.00",8.3,27/01/2020,3:03 PM
2018,Q2,Industry,Construction,"120,114.00",5.2,"65,451.00",5.6,27/01/2020,3:03 PM
2018,Q2,sevices,"Wholesale & Retail Trade

","161,202.00",7,"86,533.00",6.5,27/01/2020,3:03 PM
2018,Q2,sevices,Accommodation & restaurant,"12,205.00",0.5,"11,899.00",15.1,27/01/2020,3:03 PM
2018,Q2,sevices,Transport & Storage,"174,759.00",7.6,"81,255.00",6.6,27/01/2020,3:03 PM
2018,Q2,sevices,Information & Communication,"25,058.00",1.1,"41,452.00",11.7,27/01/2020,3:03 PM
2018,Q2,sevices,Financial & Insurance,"129,362.00",5.6,"70,510.00",3.5,27/01/2020,3:03 PM
2018,Q2,sevices,Public administration,"77,504.00",3.4,"51,546.00",6.1,27/01/2020,3:03 PM
2018,Q2,sevices,"Professional, Administration & Support Services","37,686.00",1.6,"26,655.00",7.5,27/01/2020,3:03 PM
2018,Q2,sevices,Real estate,"154,692.00",6.7,"99,961.00",4.5,27/01/2020,3:03 PM
2018,Q2,sevices,Education,"95,724.00",4.2,"81,941.00",5.2,27/01/2020,3:03 PM
2018,Q2,sevices,Health,"33,716.00",1.5,"21,283.00",3.4,27/01/2020,3:03 PM
2018,Q2,sevices,Other services,"25,008.00",1.1,"14,566.00",4.6,27/01/2020,3:03 PM
2018,Q2,sevices,FISIM,"-37,170.00",-1.6,"-25,405.00",-2.4,27/01/2020,3:03 PM
2018,Q2,,All industries at basic prices,"2,121,418.00",92.2,"1,073,637.00",6,27/01/2020,3:03 PM
2018,Q2,,Taxes on products,"179,873.00",7.8,"132,593.00",6,27/01/2020,3:03 PM
2018,Q2,,GDP at market prices,"2,301,292.00",100,"1,206,230.00",6,27/01/2020,3:03 PM
2018,Q2,,GDP (seasonally adjusted),"2,197,130.00",,"1,187,857.00",1.2,27/01/2020,3:03 PM
2018,Q3,Agriculture,Agriculture,"734,177.00",32.5,"216,484.00",6.8,27/01/2020,3:03 PM
2018,Q3,Industry,Mining & Quarrying,"18,870.00",0.8,"12,289.00",3.2,27/01/2020,3:03 PM
2018,Q3,Industry,Manufacturing,"178,000.00",7.9,"115,999.00",5.1,27/01/2020,3:03 PM
2018,Q3,Industry,Electricity & water supply,"53,607.00",2.4,"31,108.00",8.1,27/01/2020,3:03 PM
2018,Q3,Industry,Construction,"125,649.00",5.6,"67,790.00",7.3,27/01/2020,3:03 PM
2018,Q3,sevices,"Wholesale & Retail Trade

","192,411.00",8.5,"102,885.00",7.3,27/01/2020,3:03 PM
2018,Q3,sevices,Accommodation & restaurant,"17,468.00",0.8,"14,899.00",15.5,27/01/2020,3:03 PM
2018,Q3,sevices,Transport & Storage,"183,776.00",8.1,"87,332.00",8.5,27/01/2020,3:03 PM
2018,Q3,sevices,Information & Communication,"25,245.00",1.1,"45,020.00",9.8,27/01/2020,3:03 PM
2018,Q3,sevices,Financial & Insurance,"149,220.00",6.6,"74,095.00",5.1,27/01/2020,3:03 PM
2018,Q3,sevices,Public administration,"74,233.00",3.3,"43,949.00",7.1,27/01/2020,3:03 PM
2018,Q3,sevices,"Professional, Administration & Support Services","37,866.00",1.7,"26,561.00",6.6,27/01/2020,3:03 PM
2018,Q3,sevices,Real estate,"158,433.00",7,"100,599.00",3.8,27/01/2020,3:03 PM
2018,Q3,sevices,Education,"96,747.00",4.3,"82,392.00",5.5,27/01/2020,3:03 PM
2018,Q3,sevices,Health,"34,985.00",1.6,"21,451.00",5.3,27/01/2020,3:03 PM
2018,Q3,sevices,Other services,"26,362.00",1.2,"15,107.00",5,27/01/2020,3:03 PM
2018,Q3,sevices,FISIM,"-50,373.00",-2.2,"-27,271.00",1.9,27/01/2020,3:03 PM
2018,Q3,,All industries at basic prices,"2,056,675.00",91.1,"1,030,687.00",6.6,27/01/2020,3:03 PM
2018,Q3,,Taxes on products,"199,883.00",8.9,"141,496.00",6.2,27/01/2020,3:03 PM
2018,Q3,,GDP at market prices,"2,256,558.00",100,"1,172,184.00",6.6,27/01/2020,3:03 PM
2018,Q3,,GDP (seasonally adjusted),"2,277,633.00",,"1,206,907.00",1.6,27/01/2020,3:03 PM
2018,Q4,Agriculture,Agriculture,"574,038.00",27.4,"196,424.00",3.9,27/01/2020,3:03 PM
2018,Q4,Industry,Mining & Quarrying,"16,186.00",0.8,"12,368.00",1.2,27/01/2020,3:03 PM
2018,Q4,Industry,Manufacturing,"151,768.00",7.2,"110,770.00",5.2,27/01/2020,3:03 PM
2018,Q4,Industry,Electricity & water supply,"50,783.00",2.4,"29,947.00",9.5,27/01/2020,3:03 PM
2018,Q4,Industry,Construction,"139,096.00",6.6,"75,046.00",7.7,27/01/2020,3:03 PM
2018,Q4,sevices,"Wholesale & Retail Trade

","167,680.00",8,"93,783.00",7.9,27/01/2020,3:03 PM
2018,Q4,sevices,Accommodation & restaurant,"19,750.00",0.9,"20,194.00",21.5,27/01/2020,3:03 PM
2018,Q4,sevices,Transport & Storage,"218,923.00",10.4,"97,172.00",11.8,27/01/2020,3:03 PM
2018,Q4,sevices,Information & Communication,"35,640.00",1.7,"65,468.00",10.6,27/01/2020,3:03 PM
2018,Q4,sevices,Financial & Insurance,"133,723.00",6.4,"74,834.00",8.5,27/01/2020,3:03 PM
2018,Q4,sevices,Public administration,"81,556.00",3.9,"47,735.00",8.1,27/01/2020,3:03 PM
2018,Q4,sevices,"Professional, Administration & Support Services","39,967.00",1.9,"27,774.00",3.5,27/01/2020,3:03 PM
2018,Q4,sevices,Real estate,"160,472.00",7.7,"101,078.00",3.1,27/01/2020,3:03 PM
2018,Q4,sevices,Education,"97,414.00",4.6,"83,702.00",7,27/01/2020,3:03 PM
2018,Q4,sevices,Health,"35,688.00",1.7,"21,794.00",4.5,27/01/2020,3:03 PM
2018,Q4,sevices,Other services,"27,061.00",1.3,"15,278.00",6.5,27/01/2020,3:03 PM
2018,Q4,sevices,FISIM,"-47,543.00",-2.3,"-27,198.00",7.4,27/01/2020,3:03 PM
2018,Q4,,All industries at basic prices,"1,902,205.00",90.8,"1,046,168.00",6.8,27/01/2020,3:03 PM
2018,Q4,,Taxes on products,"193,665.00",9.2,"147,247.00",4.3,27/01/2020,3:03 PM
2018,Q4,,GDP at market prices,"2,095,870.00",100,"1,193,415.00",6.5,27/01/2020,3:03 PM
2018,Q4,,GDP (seasonally adjusted),"2,303,827.00",,"1,224,612.00",1.4,27/01/2020,3:03 PM
2019,Q1,Agriculture,Agriculture,"1,016,097.00",40.5,"334,951.00",4.7,27/01/2020,3:03 PM
2019,Q1,Industry,Mining & Quarrying,"17,344.00",0.7,"13,164.00",1.4,27/01/2020,3:03 PM
2019,Q1,Industry,Manufacturing,"186,327.00",7.4,"122,147.00",3.5,27/01/2020,3:03 PM
2019,Q1,Industry,Electricity & water supply,"51,126.00",2,"32,839.00",7.8,27/01/2020,3:03 PM
2019,Q1,Industry,Construction,"114,386.00",4.6,"64,479.00",6.1,27/01/2020,3:03 PM
2019,Q1,sevices,"Wholesale & Retail Trade

","165,106.00",6.6,"87,645.00",6.3,27/01/2020,3:03 PM
2019,Q1,sevices,Accommodation & restaurant,"19,192.00",0.8,"20,026.00",11,27/01/2020,3:03 PM
2019,Q1,sevices,Transport & Storage,"166,140.00",6.6,"79,354.00",6.4,27/01/2020,3:03 PM
2019,Q1,sevices,Information & Communication,"30,502.00",1.2,"57,053.00",10.2,27/01/2020,3:03 PM
2019,Q1,sevices,Financial & Insurance,"154,973.00",6.2,"75,509.00",6.3,27/01/2020,3:03 PM
2019,Q1,sevices,Public administration,"77,519.00",3.1,"46,822.00",8.9,27/01/2020,3:03 PM
2019,Q1,sevices,"Professional, Administration & Support Services","38,404.00",1.5,"26,303.00",5.5,27/01/2020,3:03 PM
2019,Q1,sevices,Real estate,"165,459.00",6.6,"103,882.00",4.8,27/01/2020,3:03 PM
2019,Q1,sevices,Education,"103,356.00",4.1,"85,213.00",4.3,27/01/2020,3:03 PM
2019,Q1,sevices,Health,"33,182.00",1.3,"19,402.00",5.4,27/01/2020,3:03 PM
2019,Q1,sevices,Other services,"27,764.00",1.1,"15,454.00",5.6,27/01/2020,3:03 PM
2019,Q1,sevices,FISIM,"-49,022.00",-2,"-27,815.00",4.6,27/01/2020,3:03 PM
2019,Q1,,All industries at basic prices,"2,317,854.00",92.4,"1,156,427.00",5.6,27/01/2020,3:03 PM
2019,Q1,,Taxes on products,"191,450.00",7.6,"131,016.00",4.7,27/01/2020,3:03 PM
2019,Q1,,GDP at market prices,"2,509,304.00",100,"1,287,443.00",5.5,27/01/2020,3:03 PM
2019,Q1,,GDP (seasonally adjusted),"2,346,906.00",,"1,238,676.00",1.3,27/01/2020,3:03 PM
2019,Q2,Agriculture,Agriculture,"912,509.00",36.6,"289,876.00",2.9,27/01/2020,3:03 PM
2019,Q2,Industry,Mining & Quarrying,"13,834.00",0.6,"12,047.00",5,27/01/2020,3:03 PM
2019,Q2,Industry,Manufacturing,"187,793.00",7.5,"123,641.00",4,27/01/2020,3:03 PM
2019,Q2,Industry,Electricity & water supply,"64,041.00",2.6,"36,299.00",7.3,27/01/2020,3:03 PM
2019,Q2,Industry,Construction,"131,654.00",5.3,"70,160.00",7.2,27/01/2020,3:03 PM
2019,Q2,sevices,"Wholesale & Retail Trade

","179,759.00",7.2,"93,321.00",7.8,27/01/2020,3:03 PM
2019,Q2,sevices,Accommodation & restaurant,"14,665.00",0.6,"13,337.00",12.1,27/01/2020,3:03 PM
2019,Q2,sevices,Transport & Storage,"198,545.00",8,"87,392.00",7.6,27/01/2020,3:03 PM
2019,Q2,sevices,Information & Communication,"25,517.00",1,"44,701.00",7.8,27/01/2020,3:03 PM
2019,Q2,sevices,Financial & Insurance,"139,466.00",5.6,"74,170.00",5.2,27/01/2020,3:03 PM
2019,Q2,sevices,Public administration,"90,199.00",3.6,"56,054.00",8.7,27/01/2020,3:03 PM
2019,Q2,sevices,"Professional, Administration & Support Services","40,698.00",1.6,"27,785.00",4.2,27/01/2020,3:03 PM
2019,Q2,sevices,Real estate,"169,251.00",6.8,"105,967.00",6,27/01/2020,3:03 PM
2019,Q2,sevices,Education,"103,165.00",4.1,"86,818.00",6,27/01/2020,3:03 PM
2019,Q2,sevices,Health,"38,054.00",1.5,"22,594.00",6.2,27/01/2020,3:03 PM
2019,Q2,sevices,Other services,"27,885.00",1.1,"15,380.00",5.6,27/01/2020,3:03 PM
2019,Q2,sevices,FISIM,"-45,254.00",-1.8,"-27,253.00",7.3,27/01/2020,3:03 PM
2019,Q2,,All industries at basic prices,"2,291,780.00",92,"1,132,289.00",5.5,27/01/2020,3:03 PM
2019,Q2,,Taxes on products,"199,763.00",8,"137,940.00",4,27/01/2020,3:03 PM
2019,Q2,,GDP at market prices,"2,491,543.00",100,"1,270,229.00",5.3,27/01/2020,3:03 PM
2019,Q2,,GDP (seasonally adjusted),"2,418,652.00",,"1,252,195.00",1.1,27/01/2020,3:03 PM
2019,Q3,Agriculture,Agriculture,"771,399.00",31.7,"221,680.00",2.4,27/01/2020,3:03 PM
2019,Q3,Industry,Mining & Quarrying,"17,279.00",0.7,"12,712.00",3.4,27/01/2020,3:03 PM
2019,Q3,Industry,Manufacturing,"185,304.00",7.6,"119,721.00",3.2,27/01/2020,3:03 PM
2019,Q3,Industry,Electricity & water supply,"59,079.00",2.4,"33,096.00",6.4,27/01/2020,3:03 PM
2019,Q3,Industry,Construction,"135,542.00",5.6,"72,273.00",6.6,27/01/2020,3:03 PM
2019,Q3,sevices,"Wholesale & Retail Trade

","208,124.00",8.5,"109,118.00",6.1,27/01/2020,3:03 PM
2019,Q3,sevices,Accommodation & restaurant,"19,230.00",0.8,"16,369.00",9.9,27/01/2020,3:03 PM
2019,Q3,sevices,Transport & Storage,"214,785.00",8.8,"93,945.00",7.6,27/01/2020,3:03 PM
2019,Q3,sevices,Information & Communication,"25,707.00",1.1,"48,677.00",8.1,27/01/2020,3:03 PM
2019,Q3,sevices,Financial & Insurance,"162,122.00",6.7,"80,065.00",8.1,27/01/2020,3:03 PM
2019,Q3,sevices,Public administration,"87,166.00",3.6,"47,658.00",8.4,27/01/2020,3:03 PM
2019,Q3,sevices,"Professional, Administration & Support Services","40,855.00",1.7,"27,834.00",4.8,27/01/2020,3:03 PM
2019,Q3,sevices,Real estate,"170,113.00",7,"106,148.00",5.5,27/01/2020,3:03 PM
2019,Q3,sevices,Education,"103,654.00",4.3,"87,327.00",6,27/01/2020,3:03 PM
2019,Q3,sevices,Health,"38,578.00",1.6,"22,638.00",5.5,27/01/2020,3:03 PM
2019,Q3,sevices,Other services,"28,946.00",1.2,"15,902.00",5.3,27/01/2020,3:03 PM
2019,Q3,sevices,FISIM,"-56,882.00",-2.3,"-29,133.00",6.8,27/01/2020,3:03 PM
2019,Q3,,All industries at basic prices,"2,211,002.00",90.8,"1,086,029.00",5.4,27/01/2020,3:03 PM
2019,Q3,,Taxes on products,"223,936.00",9.2,"147,500.00",4.2,27/01/2020,3:03 PM
2019,Q3,,GDP at market prices,"2,434,938.00",100,"1,233,529.00",5.2,27/01/2020,3:03 PM
2019,Q3,,GDP (seasonally adjusted),"2,470,104.00",,"1,270,658.00",1.3,27/01/2020,3:03 PM
2019,Q4,Agriculture,Agriculture,"626,294.00",27.2,"204,251.00",4,27/01/2020,3:03 PM
2019,Q4,Industry,Mining & Quarrying,"18,873.00",0.8,"12,402.00",0.3,27/01/2020,3:03 PM
2019,Q4,Industry,Manufacturing,"175,185.00",7.6,"113,288.00",2.3,27/01/2020,3:03 PM
2019,Q4,Industry,Electricity & water supply,"54,774.00",2.4,"31,872.00",6.4,27/01/2020,3:03 PM
2019,Q4,Industry,Construction,"160,178.00",7,"79,320.00",5.7,27/01/2020,3:03 PM
2019,Q4,sevices,"Wholesale & Retail Trade

","187,423.00",8.1,"99,817.00",6.4,27/01/2020,3:03 PM
2019,Q4,sevices,Accommodation & restaurant,"18,724.00",0.8,"22,014.00",9,27/01/2020,3:03 PM
2019,Q4,sevices,Transport & Storage,"251,112.00",10.9,"106,123.00",9.2,27/01/2020,3:03 PM
2019,Q4,sevices,Information & Communication,"34,629.00",1.5,"71,618.00",9.4,27/01/2020,3:03 PM
2019,Q4,sevices,Financial & Insurance,"126,365.00",5.5,"79,792.00",6.6,27/01/2020,3:03 PM
2019,Q4,sevices,Public administration,"97,974.00",4.3,"50,673.00",6.2,27/01/2020,3:03 PM
2019,Q4,sevices,"Professional, Administration & Support Services","42,960.00",1.9,"29,142.00",4.9,27/01/2020,3:03 PM
2019,Q4,sevices,Real estate,"170,480.00",7.4,"106,198.00",5.1,27/01/2020,3:03 PM
2019,Q4,sevices,Education,"103,437.00",4.5,"88,283.00",5.5,27/01/2020,3:03 PM
2019,Q4,sevices,Health,"39,670.00",1.7,"23,153.00",6.2,27/01/2020,3:03 PM
2019,Q4,sevices,Other services,"29,009.00",1.3,"15,861.00",3.8,27/01/2020,3:03 PM
2019,Q4,sevices,FISIM,"-46,271.00",-2,"-28,754.00",5.7,27/01/2020,3:03 PM
2019,Q4,,All industries at basic prices,"2,090,816.00",90.7,"1,105,055.00",5.6,27/01/2020,3:03 PM
2019,Q4,,Taxes on products,"213,759.00",9.3,"153,927.00",4.5,27/01/2020,3:03 PM
2019,Q4,,GDP at market prices,"2,304,575.00",100,"1,258,982.00",5.5,27/01/2020,3:03 PM
2019,Q4,,GDP (seasonally adjusted),"2,523,085.00",,"1,289,558.00",1.5,27/01/2020,3:03 PM
2020,Q1,Agriculture,Agriculture,"1,171,017.00",42.2,"351,514.00",4.9,27/01/2020,3:03 PM
2020,Q1,Industry,Mining & Quarrying,"20,178.00",0.7,"14,412.00",9.5,27/01/2020,3:03 PM
2020,Q1,Industry,Manufacturing,"191,897.00",6.9,"125,725.00",2.9,27/01/2020,3:03 PM
2020,Q1,Industry,Electricity & water supply,"52,174.00",1.9,"34,896.00",6.3,27/01/2020,3:03 PM
2020,Q1,Industry,Construction,"132,507.00",4.8,"67,928.00",5.3,27/01/2020,3:03 PM
2020,Q1,sevices,"Wholesale & Retail Trade

","176,964.00",6.4,"93,220.00",6.4,27/01/2020,3:03 PM
2020,Q1,sevices,Accommodation & restaurant,"18,124.00",0.7,"18,172.00",-9.3,27/01/2020,3:03 PM
2020,Q1,sevices,Transport & Storage,"189,442.00",6.8,"84,223.00",6.1,27/01/2020,3:03 PM
2020,Q1,sevices,Information & Communication,"30,521.00",1.1,"62,609.00",9.7,27/01/2020,3:03 PM
2020,Q1,sevices,Financial & Insurance,"167,984.00",6.1,"80,214.00",6.2,27/01/2020,3:03 PM
2020,Q1,sevices,Public administration,"82,820.00",3,"49,952.00",6.7,27/01/2020,3:03 PM
2020,Q1,sevices,"Professional, Administration & Support Services","40,983.00",1.5,"27,457.00",4.4,27/01/2020,3:03 PM
2020,Q1,sevices,Real estate,"175,527.00",6.3,"108,303.00",4.3,27/01/2020,3:03 PM
2020,Q1,sevices,Education,"108,015.00",3.9,"89,703.00",5.3,27/01/2020,3:03 PM
2020,Q1,sevices,Health,"36,095.00",1.3,"20,518.00",5.8,27/01/2020,3:03 PM
2020,Q1,sevices,Other services,"28,947.00",1,"15,798.00",2.2,27/01/2020,3:03 PM
2020,Q1,sevices,FISIM,"-58,328.00",-2.1,"-29,213.00",5,27/01/2020,3:03 PM
2020,Q1,,All industries at basic prices,"2,564,866.00",92.4,"1,215,431.00",5.1,27/01/2020,3:03 PM
2020,Q1,,Taxes on products,"209,590.00",7.6,"135,451.00",3.4,27/01/2020,3:03 PM
2020,Q1,,GDP at market prices,"2,774,456.00",100,"1,350,882.00",4.9,27/01/2020,3:03 PM
2020,Q1,,GDP (seasonally adjusted),"2,571,005.00",,"1,300,142.00",1.3,27/01/2020,3:03 PM
2020,Q2,Agriculture,Agriculture,"1,091,849.00",41.3,"308,367.00",6.4,27/01/2020,3:03 PM
2020,Q2,Industry,Mining & Quarrying,"13,535.00",0.5,"13,248.00",10,27/01/2020,3:03 PM
2020,Q2,Industry,Manufacturing,"184,124.00",7,"118,767.00",-3.9,27/01/2020,3:03 PM
2020,Q2,Industry,Electricity & water supply,"62,289.00",2.4,"36,080.00",-0.6,27/01/2020,3:03 PM
2020,Q2,Industry,Construction,"146,011.00",5.5,"72,888.00",3.9,27/01/2020,3:03 PM
2020,Q2,sevices,"Wholesale & Retail Trade

","177,918.00",6.7,"86,908.00",-6.9,27/01/2020,3:03 PM
2020,Q2,sevices,Accommodation & restaurant,"4,284.00",0.2,"2,225.00",-83.3,27/01/2020,3:03 PM
2020,Q2,sevices,Transport & Storage,"196,650.00",7.4,"77,264.00",-11.6,27/01/2020,3:03 PM
2020,Q2,sevices,Information & Communication,"26,833.00",1,"46,608.00",4.3,27/01/2020,3:03 PM
2020,Q2,sevices,Financial & Insurance,"151,799.00",5.7,"77,302.00",4.2,27/01/2020,3:03 PM
2020,Q2,sevices,Public administration,"99,115.00",3.8,"59,272.00",5.7,27/01/2020,3:03 PM
2020,Q2,sevices,"Professional, Administration & Support Services","35,656.00",1.3,"23,418.00",-15.7,27/01/2020,3:03 PM
2020,Q2,sevices,Real estate,"174,578.00",6.6,"108,303.00",2.2,27/01/2020,3:03 PM
2020,Q2,sevices,Education,"81,467.00",3.1,"38,069.00",-56.2,27/01/2020,3:03 PM
2020,Q2,sevices,Health,"42,425.00",1.6,"24,915.00",10.3,27/01/2020,3:03 PM
2020,Q2,sevices,Other services,"25,934.00",1,"14,070.00",-8.5,27/01/2020,3:03 PM
2020,Q2,sevices,FISIM,"-54,071.00",-2,"-28,340.00",4,27/01/2020,3:03 PM
2020,Q2,,All industries at basic prices,"2,460,397.00",93.1,"1,079,364.00",-4.7,27/01/2020,3:03 PM
2020,Q2,,Taxes on products,"182,195.00",6.9,"118,315.00",-14.2,27/01/2020,3:03 PM
2020,Q2,,GDP at market prices,"2,642,593.00",100,"1,197,679.00",-5.7,27/01/2020,3:03 PM
2020,Q2,,GDP (seasonally adjusted),"2,566,855.00",,"1,181,872.00",1.3,27/01/2020,3:03 PM
